,linkedin_job_url_cleaned,company_name,company_url,job_title,job_location,posted_date
0,https://de.linkedin.com/jobs/view/junior-data-analyst-remote-working-from-any-european-location-at-beyond-fossil-fuels-3688498650,Beyond Fossil Fuels,https://de.linkedin.com/company/beyondfossilfuels?trk=public_jobs_jserp-result_job-search-card-subtitle,Junior Data Analyst | Remote working from any European location,Berlin_Germany,2023-08-16
1,https://de.linkedin.com/jobs/view/data-analyst-at-talent-3634340095,Talent,https://au.linkedin.com/company/talent-international?trk=public_jobs_jserp-result_job-search-card-subtitle,Data Analyst,Berlin_Germany,2023-07-21
2,https://de.linkedin.com/jobs/view/data-analyst-f-m-d-at-bmg-the-new-music-company-3694377740,BMG - The New Music Company,https://de.linkedin.com/company/bmg-the-new-music-company?trk=public_jobs_jserp-result_job-search-card-subtitle,Data Analyst (f/m/d),Berlin_Germany,2023-08-14
3,https://de.linkedin.com/jobs/view/data-analyst-at-allianz-partners-3687064914,Allianz Partners,https://fr.linkedin.com/company/allianz-partners?trk=public_jobs_jserp-result_job-search-card-subtitle,Data Analyst,Berlin_Berlin_Germany,2023-08-08
4,https://de.linkedin.com/jobs/view/data-analyst-at-kevin-3684586647,kevin.,https://lt.linkedin.com/company/kevineu?trk=public_jobs_jserp-result_job-search-card-subtitle,Data Analyst,Berlin_Berlin_Germany,2023-08-04
5,https://de.linkedin.com/jobs/view/energy-data-analyst-remote-working-from-any-european-location-at-beyond-fossil-fuels-3689202444,Beyond Fossil Fuels,https://de.linkedin.com/company/beyondfossilfuels?trk=public_jobs_jserp-result_job-search-card-subtitle,Energy Data Analyst | Remote working from any European location,Berlin_Germany,2023-08-16
6,https://de.linkedin.com/jobs/view/marketing-game-data-analyst-at-8bit-games-industry-recruitment-3668910575,8Bit - Games Industry Recruitment,https://pl.linkedin.com/company/8bit-agency?trk=public_jobs_jserp-result_job-search-card-subtitle,Marketing & Game Data Analyst,Berlin_Berlin_Germany,2023-07-20
7,https://de.linkedin.com/jobs/view/senior-data-analyst-m-w-d-at-eigensonne-3644971232,EIGENSONNE,https://de.linkedin.com/company/eigensonne?trk=public_jobs_jserp-result_job-search-card-subtitle,Senior Data Analyst (m/w/d),Berlin_Berlin_Germany,2023-08-09
8,https://de.linkedin.com/jobs/view/financial-data-analyst-m-f-d-at-ultramarin-3672508925,Ultramarin,https://de.linkedin.com/company/ultramarin-gmbh?trk=public_jobs_jserp-result_job-search-card-subtitle,Financial Data Analyst (m/f/d),Berlin_Berlin_Germany,2023-07-24
9,https://de.linkedin.com/jobs/view/game-data-analyst-f-m-d-at-kolibri-games-3672773015,Kolibri Games,https://de.linkedin.com/company/kolibri-games?trk=public_jobs_jserp-result_job-search-card-subtitle,Game Data Analyst (f/m/d),Berlin_Berlin_Germany,2023-07-25
10,https://de.linkedin.com/jobs/view/data-analyst-web-m-f-d-at-mediamarktsaturn-3583950561,MediaMarktSaturn,https://de.linkedin.com/company/media-markt-saturn?trk=public_jobs_jserp-result_job-search-card-subtitle,Data Analyst Web (m/f/d),Berlin_Berlin_Germany,2023-04-24
11,https://de.linkedin.com/jobs/view/marketing-data-analyst-m-f-d-at-riverty-3662951922,Riverty,https://de.linkedin.com/company/riverty?trk=public_jobs_jserp-result_job-search-card-subtitle,Marketing Data Analyst (m/f/d),Berlin_Berlin_Germany,2023-08-15
12,https://de.linkedin.com/jobs/view/data-analyst-at-orange-quarter-3585738180,Orange Quarter,https://nl.linkedin.com/company/orange-quarter?trk=public_jobs_jserp-result_job-search-card-subtitle,Data Analyst,Berlin_Berlin_Germany,2023-03-31
13,https://de.linkedin.com/jobs/view/data-analyst-all-genders-at-asgoodasnew-3674406739,asgoodasnew,https://de.linkedin.com/company/asgoodas.nu-gmbh?trk=public_jobs_jserp-result_job-search-card-subtitle,Data Analyst (all genders),Berlin_Berlin_Germany,2023-07-23
14,https://de.linkedin.com/jobs/view/bi-analyst-f-m-d-at-enter-3690378550,Enter,https://de.linkedin.com/company/enternow?trk=public_jobs_jserp-result_job-search-card-subtitle,BI Analyst (f/m/d),Berlin_Berlin_Germany,2023-08-13
15,https://de.linkedin.com/jobs/view/senior-data-analyst-consumer-at-wolt-3654168631,Wolt,https://fi.linkedin.com/company/wolt-oy?trk=public_jobs_jserp-result_job-search-card-subtitle,Senior Data Analyst (Consumer),Berlin_Berlin_Germany,2023-08-16
16,https://de.linkedin.com/jobs/view/data-analyst-at-orange-quarter-3585734595,Orange Quarter,https://nl.linkedin.com/company/orange-quarter?trk=public_jobs_jserp-result_job-search-card-subtitle,Data Analyst,Berlin_Berlin_Germany,2023-03-31
17,https://de.linkedin.com/jobs/view/product-data-analyst-at-kevin-3687813018,kevin.,https://lt.linkedin.com/company/kevineu?trk=public_jobs_jserp-result_job-search-card-subtitle,Product Data Analyst,Berlin_Berlin_Germany,2023-08-07
18,https://de.linkedin.com/jobs/view/senior-data-analyst-at-gemma-analytics-3688896819,Gemma Analytics,https://de.linkedin.com/company/gemma-analytics?trk=public_jobs_jserp-result_job-search-card-subtitle,Senior Data Analyst,Berlin_Berlin_Germany,2023-08-11
19,https://de.linkedin.com/jobs/view/senior-data-analyst-wolt-market-at-wolt-3682804170,Wolt,https://fi.linkedin.com/company/wolt-oy?trk=public_jobs_jserp-result_job-search-card-subtitle,Senior Data Analyst (Wolt Market),Berlin_Berlin_Germany,2023-08-02
20,https://de.linkedin.com/jobs/view/data-analyst-at-orange-quarter-3585734564,Orange Quarter,https://nl.linkedin.com/company/orange-quarter?trk=public_jobs_jserp-result_job-search-card-subtitle,Data Analyst,Berlin_Berlin_Germany,2023-03-31
21,https://de.linkedin.com/jobs/view/data-analyst-fraud-prevention-at-jobs-via-efinancialcareers-3689584166,Jobs via eFinancialCareers,https://uk.linkedin.com/company/jobs-on-efinancialcareers?trk=public_jobs_jserp-result_job-search-card-subtitle,Data Analyst - Fraud Prevention,Berlin_Berlin_Germany,2023-08-17
22,https://de.linkedin.com/jobs/view/data-analyst-m-w-d-at-cbtw-3691842974,CBTW,https://be.linkedin.com/company/collaboration-betters-the-world?trk=public_jobs_jserp-result_job-search-card-subtitle,Data Analyst (m/w/d),Berlin_Berlin_Germany,2023-08-15
23,https://de.linkedin.com/jobs/view/financial-data-analyst-m-f-d-at-ultramarin-3625707319,Ultramarin,https://de.linkedin.com/company/ultramarin-gmbh?trk=public_jobs_jserp-result_job-search-card-subtitle,Financial Data Analyst (m/f/d),Berlin_Germany,2023-07-20
24,https://de.linkedin.com/jobs/view/senior-data-analyst-m-f-d-at-pitch-3641771902,Pitch,https://de.linkedin.com/company/pitchhq?trk=public_jobs_jserp-result_job-search-card-subtitle,Senior Data Analyst (m/f/d),Berlin_Germany,2023-05-28
25,https://de.linkedin.com/jobs/view/data-analyst-at-talent-3634340095,Talent,https://au.linkedin.com/company/talent-international?trk=public_jobs_jserp-result_job-search-card-subtitle,Data Analyst,Berlin_Germany,2023-07-21
26,https://de.linkedin.com/jobs/view/data-analyst-at-allianz-partners-3687064914,Allianz Partners,https://fr.linkedin.com/company/allianz-partners?trk=public_jobs_jserp-result_job-search-card-subtitle,Data Analyst,Berlin_Berlin_Germany,2023-08-08
27,https://de.linkedin.com/jobs/view/data-analyst-at-gravitas-recruitment-group-global-ltd-3689224669,Gravitas Recruitment Group (Global) Ltd,https://uk.linkedin.com/company/gravitas-recruitment-group-global?trk=public_jobs_jserp-result_job-search-card-subtitle,Data Analyst,Greater Munich Metropolitan Area,2023-08-16
28,https://de.linkedin.com/jobs/view/junior-data-analyst-remote-working-from-any-european-location-at-beyond-fossil-fuels-3688498650,Beyond Fossil Fuels,https://de.linkedin.com/company/beyondfossilfuels?trk=public_jobs_jserp-result_job-search-card-subtitle,Junior Data Analyst | Remote working from any European location,Berlin_Germany,2023-08-16
29,https://de.linkedin.com/jobs/view/data-analyst-f-m-d-at-bmg-the-new-music-company-3694377740,BMG - The New Music Company,https://de.linkedin.com/company/bmg-the-new-music-company?trk=public_jobs_jserp-result_job-search-card-subtitle,Data Analyst (f/m/d),Berlin_Germany,2023-08-14
30,https://de.linkedin.com/jobs/view/data-analyst-the-data-school-deutschland-at-the-information-lab-deutschland-3649074915,The Information Lab Deutschland,https://de.linkedin.com/company/the-information-lab-deutschland?trk=public_jobs_jserp-result_job-search-card-subtitle,Data Analyst - The Data School Deutschland,Hamburg_Germany,2023-06-28
31,https://de.linkedin.com/jobs/view/data-analyst-m-w-d-at-kosatec-computer-gmbh-3685498471,KOSATEC Computer GmbH,https://de.linkedin.com/company/kosatec-computer-gmbh?trk=public_jobs_jserp-result_job-search-card-subtitle,Data Analyst (m/w/d),Brunswick_Lower Saxony_Germany,2023-08-10
32,https://de.linkedin.com/jobs/view/data-analyst-at-futurlab-3693391223,FuturLab,https://uk.linkedin.com/company/futurlab?trk=public_jobs_jserp-result_job-search-card-subtitle,Data Analyst,Hove_Lower Saxony_Germany,2023-08-17
33,https://de.linkedin.com/jobs/view/senior-data-analyst-m-w-d-at-venturi-3683745753,Venturi,https://uk.linkedin.com/company/venturigroup?trk=public_jobs_jserp-result_job-search-card-subtitle,Senior Data Analyst (m/w/d),Munich_Bavaria_Germany,2023-08-03
34,https://de.linkedin.com/jobs/view/full-time-data-analyst-f-m-x-at-suena-3679164771,suena,https://de.linkedin.com/company/suena-energy?trk=public_jobs_jserp-result_job-search-card-subtitle,Full-Time Data Analyst (f/m/x),Hamburg_Hamburg_Germany,2023-07-28
35,https://de.linkedin.com/jobs/view/data-analyst-at-kevin-3684586647,kevin.,https://lt.linkedin.com/company/kevineu?trk=public_jobs_jserp-result_job-search-card-subtitle,Data Analyst,Berlin_Berlin_Germany,2023-08-04
36,https://de.linkedin.com/jobs/view/data-analyst-m-f-d-at-parts-europe-we-support-the-sport%C2%AE%21-3692596028,PARTS EUROPE - We Support The Sport!,https://de.linkedin.com/company/partseurope?trk=public_jobs_jserp-result_job-search-card-subtitle,Data Analyst (m/f/d),Wasserliesch_Rhineland-Palatinate_Germany,2023-08-17
37,https://de.linkedin.com/jobs/view/experienced-data-analyst-m-f-d-at-roadsurfer-3674005596,roadsurfer,https://de.linkedin.com/company/roadsurfer-gmbh?trk=public_jobs_jserp-result_job-search-card-subtitle,Experienced Data Analyst (m/f/d),Munich_Bavaria_Germany,2023-07-27
38,https://de.linkedin.com/jobs/view/data-analyst-m-w-d-at-hoyer-3624281278,HOYER,https://de.linkedin.com/company/hoyer-de?trk=public_jobs_jserp-result_job-search-card-subtitle,Data Analyst (m/w/d),Visselhovede_Lower Saxony_Germany,2023-06-02
39,https://de.linkedin.com/jobs/view/data-analyst-m-f-d-at-parts-europe-we-support-the-sport%C2%AE%21-3664558550,PARTS EUROPE - We Support The Sport!,https://de.linkedin.com/company/partseurope?trk=public_jobs_jserp-result_job-search-card-subtitle,Data Analyst (m/f/d),Germany,2023-07-14
40,https://de.linkedin.com/jobs/view/game-data-analyst-fully-remote-at-softgames-3646131621,SOFTGAMES,https://de.linkedin.com/company/softgames-mobile-entertainment-services?trk=public_jobs_jserp-result_job-search-card-subtitle,Game Data Analyst (fully remote),Germany,2023-06-26
41,https://de.linkedin.com/jobs/view/data-analyst-at-lilium-3623294438,Lilium,https://de.linkedin.com/company/lilium-aviation-gmbh?trk=public_jobs_jserp-result_job-search-card-subtitle,Data Analyst,Munich_Bavaria_Germany,2023-08-16
42,https://de.linkedin.com/jobs/view/data-analyst-scientist-m-f-d-at-fraud0-com-3690374843,fraud0.com,https://de.linkedin.com/company/fraud0?trk=public_jobs_jserp-result_job-search-card-subtitle,Data Analyst / Scientist (m/f/d),Munich_Bavaria_Germany,2023-08-13
43,https://de.linkedin.com/jobs/view/marketing-game-data-analyst-at-8bit-games-industry-recruitment-3668910575,8Bit - Games Industry Recruitment,https://pl.linkedin.com/company/8bit-agency?trk=public_jobs_jserp-result_job-search-card-subtitle,Marketing & Game Data Analyst,Berlin_Berlin_Germany,2023-07-20
44,https://de.linkedin.com/jobs/view/part-time-data-analyst-f-m-x-at-suena-3671542132,suena,https://de.linkedin.com/company/suena-energy?trk=public_jobs_jserp-result_job-search-card-subtitle,Part-Time Data Analyst (f/m/x),Hamburg_Hamburg_Germany,2023-07-21
45,https://de.linkedin.com/jobs/view/junior-data-analyst-m-w-d-stahlindustrie-at-univativ-gmbh-3690906992,univativ GmbH,https://de.linkedin.com/company/univativ-gmbh?trk=public_jobs_jserp-result_job-search-card-subtitle,(Junior) Data Analyst (m/w/d) Stahlindustrie,Salzgitter_Lower Saxony_Germany,2023-08-14
46,https://de.linkedin.com/jobs/view/data-analyst-f-m-d-at-talentsconnect-ag-3586236929,talentsconnect AG,https://de.linkedin.com/company/talentsconnect-ag?trk=public_jobs_jserp-result_job-search-card-subtitle,Data Analyst (f/m/d),Cologne_North Rhine-Westphalia_Germany,2023-03-31
47,https://de.linkedin.com/jobs/view/senior-data-analyst-at-finn-3690597178,FINN,https://de.linkedin.com/company/finn-auto?trk=public_jobs_jserp-result_job-search-card-subtitle,(Senior) Data Analyst,Munich_Bavaria_Germany,2023-08-14
48,https://de.linkedin.com/jobs/view/senior-data-analyst-m-w-d-at-eigensonne-3644971232,EIGENSONNE,https://de.linkedin.com/company/eigensonne?trk=public_jobs_jserp-result_job-search-card-subtitle,Senior Data Analyst (m/w/d),Berlin_Berlin_Germany,2023-08-09
49,https://de.linkedin.com/jobs/view/data-analyst-m-f-d-at-plaion-3668957617,PLAION,https://de.linkedin.com/company/plaion?trk=public_jobs_jserp-result_job-search-card-subtitle,Data Analyst (m/f/d),Planegg_Bavaria_Germany,2023-06-25
50,https://in.linkedin.com/jobs/view/data-analyst-at-kido-3679104414,Kido,https://sg.linkedin.com/company/kidoed?trk=public_jobs_jserp-result_job-search-card-subtitle,Data Analyst,Mumbai_Maharashtra_India,2023-07-03
51,https://in.linkedin.com/jobs/view/data-analyst-at-acme-services-3545874583,Acme Services,https://in.linkedin.com/company/acmeservices?trk=public_jobs_jserp-result_job-search-card-subtitle,Data Analyst,Mumbai_Maharashtra_India,2023-03-30
52,https://in.linkedin.com/jobs/view/data-analyst-1-at-fynd-shopsense-retail-technologies-ltd-3691073873,Fynd (Shopsense Retail Technologies Ltd.),https://in.linkedin.com/company/fynd-shopsense?trk=public_jobs_jserp-result_job-search-card-subtitle,Data Analyst - 1,Mumbai_Maharashtra_India,2023-08-11
53,https://in.linkedin.com/jobs/view/data-analytics-intern-at-ketto-3691376490,Ketto,https://in.linkedin.com/company/ketto-online-ventures-private-limited?trk=public_jobs_jserp-result_job-search-card-subtitle,Data Analytics Intern,Mumbai_Maharashtra_India,2023-08-11
54,https://in.linkedin.com/jobs/view/data-analyst-at-epaylater-3691072769,ePayLater,https://in.linkedin.com/company/epaylater?trk=public_jobs_jserp-result_job-search-card-subtitle,Data Analyst,Mumbai_Maharashtra_India,2023-08-11
55,https://in.linkedin.com/jobs/view/data-analyst-sql-power-bi-tableau-at-percipere-3672777823,Percipere,https://uk.linkedin.com/company/percipere?trk=public_jobs_jserp-result_job-search-card-subtitle,Data Analyst - SQL/Power BI/Tableau,Mumbai_Maharashtra_India,2023-07-25
56,https://in.linkedin.com/jobs/view/data-analyst-at-railofy-3627623092,Railofy,https://in.linkedin.com/company/railofy?trk=public_jobs_jserp-result_job-search-card-subtitle,Data Analyst,Mumbai_Maharashtra_India,2023-06-06
57,https://in.linkedin.com/jobs/view/data-analysts-at-kudosindia-3686165039,KUDOSiNDiA,https://in.linkedin.com/company/kudos-india?trk=public_jobs_jserp-result_job-search-card-subtitle,Data Analysts,Mumbai_Maharashtra_India,2023-08-06
58,https://in.linkedin.com/jobs/view/global-data-management-associate-analyst-at-colgate-palmolive-3602358545,Colgate-Palmolive,https://www.linkedin.com/company/colgate-palmolive?trk=public_jobs_jserp-result_job-search-card-subtitle,Global Data Management - Associate Analyst,Mumbai_Maharashtra_India,2023-08-07
59,https://in.linkedin.com/jobs/view/data-analyst-at-raising-superstars-3682594766,Raising Superstars,https://www.linkedin.com/company/raising-superstars?trk=public_jobs_jserp-result_job-search-card-subtitle,Data Analyst,Mumbai_Maharashtra_India,2023-07-24
60,https://in.linkedin.com/jobs/view/data-analyst-java-python-at-dubai-jobs-gulf-jobs-jobs-in-dubai-qatar-kuwait-boyen-haddin-the-giant-hr-consultant-3687649539,"Dubai Jobs, Gulf Jobs, Jobs in Dubai, Qatar, Kuwait - Boyen Haddin & The Giant HR Consultant",https://in.linkedin.com/company/boyenhaddin?trk=public_jobs_jserp-result_job-search-card-subtitle,Data Analyst - Java/Python,Mumbai Metropolitan Region,2023-08-09
61,https://in.linkedin.com/jobs/view/senior-data-analyst-at-big-cloud-3639765070,Big Cloud,https://uk.linkedin.com/company/big-cloud?trk=public_jobs_jserp-result_job-search-card-subtitle,Senior Data Analyst,Mumbai_Maharashtra_India,2023-07-20
62,https://in.linkedin.com/jobs/view/business-data-analyst-at-acme-services-3667480454,Acme Services,https://in.linkedin.com/company/acmeservices?trk=public_jobs_jserp-result_job-search-card-subtitle,Business Data Analyst,Mumbai_Maharashtra_India,2023-06-25
63,https://in.linkedin.com/jobs/view/performance-data-analyst-at-pinebridge-investments-3491683027,PineBridge Investments,https://www.linkedin.com/company/pinebridge-investments?trk=public_jobs_jserp-result_job-search-card-subtitle,Performance & Data Analyst,Mumbai_Maharashtra_India,2023-08-14
64,https://in.linkedin.com/jobs/view/open-secret-data-analyst-business-analyst-at-open-secret-3685557536,Open Secret,https://in.linkedin.com/company/opensecretsnacks?trk=public_jobs_jserp-result_job-search-card-subtitle,Open Secret - Data Analyst/Business Analyst,Mumbai_Maharashtra_India,2023-08-05
65,https://in.linkedin.com/jobs/view/data-analyst-at-topgear-consultants-pvt-ltd-3680368928,TopGear Consultants Pvt Ltd,https://in.linkedin.com/company/topgear-consultants-ltd?trk=public_jobs_jserp-result_job-search-card-subtitle,Data Analyst,Mumbai_Maharashtra_India,2023-08-02
66,https://in.linkedin.com/jobs/view/data-analyst-sql-database-maintenance-at-dubai-jobs-gulf-jobs-jobs-in-dubai-qatar-kuwait-boyen-haddin-the-giant-hr-consultant-3687655113,"Dubai Jobs, Gulf Jobs, Jobs in Dubai, Qatar, Kuwait - Boyen Haddin & The Giant HR Consultant",https://in.linkedin.com/company/boyenhaddin?trk=public_jobs_jserp-result_job-search-card-subtitle,Data Analyst - SQL/ Database Maintenance,Mumbai Metropolitan Region,2023-08-09
67,https://in.linkedin.com/jobs/view/business-intelligence-analyst-at-porter-3684588150,Porter,https://in.linkedin.com/company/theporter-in?trk=public_jobs_jserp-result_job-search-card-subtitle,Business Intelligence Analyst,Mumbai Metropolitan Region,2023-07-10
68,https://in.linkedin.com/jobs/view/sql-developer-at-acme-services-3632546500,Acme Services,https://in.linkedin.com/company/acmeservices?trk=public_jobs_jserp-result_job-search-card-subtitle,SQL Developer,Mumbai_Maharashtra_India,2023-06-12
69,https://in.linkedin.com/jobs/view/jr-power-bi-at-tamcherry-zaportiv-3496202017,Tamcherry - Zaportiv,https://in.linkedin.com/company/tamcherry-zaportiv?trk=public_jobs_jserp-result_job-search-card-subtitle,Jr. Power BI,Navi Mumbai_Maharashtra_India,2023-02-24
70,https://in.linkedin.com/jobs/view/master-data-analyst-at-advanced-sterilization-products-3657432046,Advanced Sterilization Products,https://www.linkedin.com/company/advancedsterilizationproducts?trk=public_jobs_jserp-result_job-search-card-subtitle,Master Data Analyst,Mumbai_Maharashtra_India,2023-08-10
71,https://in.linkedin.com/jobs/view/data-analyst-mumbai-at-mnr-solutions-pvt-ltd-3671970792,MNR Solutions Pvt. Ltd.,https://in.linkedin.com/company/mnr-solutions-pvt--ltd?trk=public_jobs_jserp-result_job-search-card-subtitle,Data Analyst- Mumbai,Mumbai_Maharashtra_India,2023-07-21
72,https://in.linkedin.com/jobs/view/digital-analytics-at-randstad-india-3498082970,Randstad India,https://in.linkedin.com/company/randstad-india?trk=public_jobs_jserp-result_job-search-card-subtitle,Digital Analytics,Mumbai_Maharashtra_India,2023-02-25
73,https://in.linkedin.com/jobs/view/data-analyst-at-mnr-solutions-pvt-ltd-3684618989,MNR Solutions Pvt. Ltd.,https://in.linkedin.com/company/mnr-solutions-pvt--ltd?trk=public_jobs_jserp-result_job-search-card-subtitle,Data Analyst,Mumbai_Maharashtra_India,2023-07-21
74,https://de.linkedin.com/jobs/view/data-analyst-f-m-d-at-talentsconnect-ag-3586236929,talentsconnect AG,https://de.linkedin.com/company/talentsconnect-ag?trk=public_jobs_jserp-result_job-search-card-subtitle,Data Analyst (f/m/d),Cologne_North Rhine-Westphalia_Germany,2023-03-31
75,https://de.linkedin.com/jobs/view/data-analyst-m-w-d-at-eplan-3693617876,EPLAN,https://de.linkedin.com/company/eplan-software-service?trk=public_jobs_jserp-result_job-search-card-subtitle,Data Analyst (m/w/d),Langenfeld_North Rhine-Westphalia_Germany,2023-08-05
76,https://de.linkedin.com/jobs/view/junior-data-analyst-m-w-d-at-deichmann-3562429561,Deichmann,https://de.linkedin.com/company/deichmann?trk=public_jobs_jserp-result_job-search-card-subtitle,(Junior) Data Analyst (m/w/d),Essen_North Rhine-Westphalia_Germany,2023-03-18
77,https://de.linkedin.com/jobs/view/data-analyst-m-w-d-at-eplan-3693621449,EPLAN,https://de.linkedin.com/company/eplan-software-service?trk=public_jobs_jserp-result_job-search-card-subtitle,Data Analyst (m/w/d),Langenfeld_North Rhine-Westphalia_Germany,2023-08-05
78,https://de.linkedin.com/jobs/view/data-analyst-m-w-d-at-eplan-3693621447,EPLAN,https://de.linkedin.com/company/eplan-software-service?trk=public_jobs_jserp-result_job-search-card-subtitle,Data Analyst (m/w/d),Langenfeld_North Rhine-Westphalia_Germany,2023-08-05
79,https://de.linkedin.com/jobs/view/senior-data-analyst-m-w-d-digital-health-at-betterdoc-3688896781,BetterDoc,https://de.linkedin.com/company/betterdoc-gmbh?trk=public_jobs_jserp-result_job-search-card-subtitle,Senior Data Analyst (m/w/d) Digital Health,Cologne_North Rhine-Westphalia_Germany,2023-08-11
80,https://de.linkedin.com/jobs/view/data-analyst-m-w-d-at-computer-futures-3667660922,Computer Futures,https://uk.linkedin.com/company/computerfutures?trk=public_jobs_jserp-result_job-search-card-subtitle,Data Analyst (m/w/d),Dortmund_North Rhine-Westphalia_Germany,2023-07-17
81,https://de.linkedin.com/jobs/view/data-analyst-w-m-div-at-infineon-technologies-3666792157,Infineon Technologies,https://de.linkedin.com/company/infineon-technologies?trk=public_jobs_jserp-result_job-search-card-subtitle,Data Analyst (w/m/div),Warstein_North Rhine-Westphalia_Germany,2023-08-09
82,https://de.linkedin.com/jobs/view/junior-business-intelligence-analyst-m-f-x-at-konfetti-3686573124,konfetti,https://de.linkedin.com/company/gokonfetti?trk=public_jobs_jserp-result_job-search-card-subtitle,(Junior-) Business Intelligence Analyst (m/f/x),Cologne_North Rhine-Westphalia_Germany,2023-08-07
83,https://de.linkedin.com/jobs/view/data-analyst-m-w-d-at-aldi-s%C3%BCd-3680560678,ALDI SUD,https://de.linkedin.com/company/aldi-sued?trk=public_jobs_jserp-result_job-search-card-subtitle,Data Analyst (m/w/d),Mulheim an der Ruhr_North Rhine-Westphalia_Germany,2023-07-05
84,https://de.linkedin.com/jobs/view/data-engineer-m-w-d-at-apriori-business-solutions-ag-3668440146,APRIORI - business solutions AG,https://de.linkedin.com/company/apriori---business-solutions-ag?trk=public_jobs_jserp-result_job-search-card-subtitle,Data Engineer (m/w/d),Lunen_North Rhine-Westphalia_Germany,2023-07-19
85,https://de.linkedin.com/jobs/view/data-analyst-m-w-d-at-randstad-deutschland-3685845735,Randstad Deutschland,https://de.linkedin.com/company/randstad-deutschland?trk=public_jobs_jserp-result_job-search-card-subtitle,Data Analyst (m/w/d),Cologne_North Rhine-Westphalia_Germany,2023-08-10
86,https://de.linkedin.com/jobs/view/data-engineer-at-sr2-socially-responsible-recruitment-certified-b-corporation%E2%84%A2-3688008640,SR2 | Socially Responsible Recruitment | Certified B Corporation,https://uk.linkedin.com/company/sr2-socially-responsible-recruitment?trk=public_jobs_jserp-result_job-search-card-subtitle,Data Engineer,Cologne Bonn Region,2023-08-09
87,https://de.linkedin.com/jobs/view/junior-data-analyst-m-w-d-at-territory-3687803601,TERRITORY,https://de.linkedin.com/company/territory-company?trk=public_jobs_jserp-result_job-search-card-subtitle,Junior Data Analyst (m/w/d),Gutersloh_North Rhine-Westphalia_Germany,2023-08-07
88,https://de.linkedin.com/jobs/view/data-manager-data-analyst-m-w-d-at-gebr-brasseler-gmbh-co-kg-3690901929,Gebr. Brasseler GmbH & Co. KG,https://de.linkedin.com/company/gebr.-brasseler-gmbh-&-co.-kg?trk=public_jobs_jserp-result_job-search-card-subtitle,Data Manager / Data Analyst (m/w/d),Lemgo_North Rhine-Westphalia_Germany,2023-08-13
89,https://de.linkedin.com/jobs/view/senior-data-analyst-online-marketing-m-w-d-at-denkwerk-gmbh-3681872148,denkwerk GmbH,https://de.linkedin.com/company/denkwerk?trk=public_jobs_jserp-result_job-search-card-subtitle,Senior Data Analyst / Online Marketing (m/w/d),Cologne_North Rhine-Westphalia_Germany,2023-08-03
90,https://de.linkedin.com/jobs/view/senior-data-analyst-m-f-d-at-ki-performance-gmbh-3649925524,KI performance GmbH,https://de.linkedin.com/company/ki-performance-gmbh?trk=public_jobs_jserp-result_job-search-card-subtitle,Senior Data Analyst (m/f/d),Cologne Bonn Region,2023-07-20
91,https://de.linkedin.com/jobs/view/data-engineer-at-zero-to-one-search-recruitment-agency-3693379632,Zero to One Search | Recruitment Agency,https://de.linkedin.com/company/zero-to-one-search?trk=public_jobs_jserp-result_job-search-card-subtitle,Data Engineer,Herzogenrath_North Rhine-Westphalia_Germany,2023-08-17
92,https://de.linkedin.com/jobs/view/business-data-analyst-m-w-d-at-brandt-zwieback-schokoladen-gmbh-%2B-co-kg-3660946356,Brandt Zwieback-Schokoladen GmbH + Co. KG,https://de.linkedin.com/company/brandt-zwieback-schokoladen-gmbh-co-kg?trk=public_jobs_jserp-result_job-search-card-subtitle,Business Data Analyst (m/w/d),Hagen_North Rhine-Westphalia_Germany,2023-07-11
93,https://de.linkedin.com/jobs/view/data-engineer-english-speaking-at-mobilab-solutions-gmbh-3646212277,MobiLab Solutions GmbH,https://de.linkedin.com/company/mobilab-solutions-gmbh?trk=public_jobs_jserp-result_job-search-card-subtitle,Data Engineer (English speaking),Cologne_North Rhine-Westphalia_Germany,2023-06-06
94,https://de.linkedin.com/jobs/view/data-analyst-online-marketing-m-w-d-at-denkwerk-gmbh-3691422268,denkwerk GmbH,https://de.linkedin.com/company/denkwerk?trk=public_jobs_jserp-result_job-search-card-subtitle,Data Analyst / Online Marketing (m/w/d),Cologne_North Rhine-Westphalia_Germany,2023-08-15
95,https://de.linkedin.com/jobs/view/bi-analyst-data-expert-m-w-d-at-ferdinand-st%C3%BCkerj%C3%BCrgen-gmbh-co-kg-3694048601,Ferdinand Stukerjurgen GmbH & Co. KG,https://de.linkedin.com/company/ferdinand-st%C3%BCkerj%C3%BCrgen-gmbh-&-co.-kg?trk=public_jobs_jserp-result_job-search-card-subtitle,BI Analyst / Data Expert (m/w/d),Rietberg_North Rhine-Westphalia_Germany,2023-08-14
96,https://de.linkedin.com/jobs/view/data-engineer-at-xcede-3648095972,Xcede,https://uk.linkedin.com/company/xcede?trk=public_jobs_jserp-result_job-search-card-subtitle,Data Engineer,North Rhine-Westphalia_Germany,2023-07-18
97,https://de.linkedin.com/jobs/view/data-analyst-m-w-d-gesucht-at-priotas-gmbh-3693362570,PRIOTAS GmbH,https://de.linkedin.com/company/priotas-gmbh?trk=public_jobs_jserp-result_job-search-card-subtitle,Data Analyst (m/w/d) gesucht,Cologne_North Rhine-Westphalia_Germany,2023-08-16
98,https://de.linkedin.com/jobs/view/business-data-analyst-m-w-d-at-elmos-3680799835,Elmos,https://de.linkedin.com/company/elmos?trk=public_jobs_jserp-result_job-search-card-subtitle,Business Data Analyst (m/w/d),Dortmund_North Rhine-Westphalia_Germany,2023-08-17
99,https://de.linkedin.com/jobs/view/data-engineer-m-f-d-at-raisin-3692507998,Raisin,https://de.linkedin.com/company/join-raisin-ds?trk=public_jobs_jserp-result_job-search-card-subtitle,Data Engineer (m/f/d),Berlin_Berlin_Germany,2023-08-16
100,https://de.linkedin.com/jobs/view/data-engineer-f-m-d-at-klang-games-3691412902,Klang Games,https://de.linkedin.com/company/klang-games?trk=public_jobs_jserp-result_job-search-card-subtitle,Data Engineer (f/m/d),Berlin_Germany,2023-07-21
101,https://de.linkedin.com/jobs/view/data-engineer-f-m-d-at-enter-3691849496,Enter,https://de.linkedin.com/company/enternow?trk=public_jobs_jserp-result_job-search-card-subtitle,Data Engineer (f/m/d),Berlin_Berlin_Germany,2023-08-15
102,https://de.linkedin.com/jobs/view/junior-data-engineer-python-w-m-d-at-smartclip-3586233971,smartclip,https://de.linkedin.com/company/smartclip?trk=public_jobs_jserp-result_job-search-card-subtitle,(Junior) Data Engineer - Python (w/m/d),Berlin_Berlin_Germany,2023-03-31
103,https://de.linkedin.com/jobs/view/data-engineer-f-m-d-at-kineo-ai-3686503247,kineo.ai,https://de.linkedin.com/company/kineo-ai?trk=public_jobs_jserp-result_job-search-card-subtitle,Data Engineer (f/m/d),Berlin_Berlin_Germany,2023-08-07
104,https://de.linkedin.com/jobs/view/data-engineer-all-genders-at-doodle-3687449340,Doodle,https://ch.linkedin.com/company/doodle-ag?trk=public_jobs_jserp-result_job-search-card-subtitle,Data Engineer (all genders),Berlin_Berlin_Germany,2023-08-10
105,https://de.linkedin.com/jobs/view/analytics-engineer-at-volt-io-3688655136,Volt.io,https://uk.linkedin.com/company/voltio?trk=public_jobs_jserp-result_job-search-card-subtitle,Analytics Engineer,Berlin_Berlin_Germany,2023-08-08
106,https://de.linkedin.com/jobs/view/senior-data-engineer-m-f-d-at-raisin-3692591141,Raisin,https://de.linkedin.com/company/join-raisin-ds?trk=public_jobs_jserp-result_job-search-card-subtitle,(Senior) Data Engineer (m/f/d),Berlin_Berlin_Germany,2023-08-17
107,https://de.linkedin.com/jobs/view/data-engineer-berlin-germany-on-site-at-techbiz-global-3650324944,TechBiz Global,https://de.linkedin.com/company/techbiz-global?trk=public_jobs_jserp-result_job-search-card-subtitle,"Data Engineer (Berlin, Germany on-site)",Berlin_Berlin_Germany,2023-06-04
108,https://de.linkedin.com/jobs/view/senior-data-engineer-m-f-d-at-axel-springer-national-media-tech-gmbh-co-kg-3688003842,Axel Springer National Media & Tech GmbH & Co. KG,https://de.linkedin.com/company/asnmt?trk=public_jobs_jserp-result_job-search-card-subtitle,(Senior) Data Engineer (m/f/d),Berlin_Berlin_Germany,2023-08-09
109,https://de.linkedin.com/jobs/view/data-engineer-f-m-d-at-kolibri-games-3574121014,Kolibri Games,https://de.linkedin.com/company/kolibri-games?trk=public_jobs_jserp-result_job-search-card-subtitle,Data Engineer (f/m/d),Berlin_Berlin_Germany,2023-04-22
110,https://de.linkedin.com/jobs/view/data-engineer-m-f-d-at-provenexpert-com-expert-systems-ag-3692508898,ProvenExpert.com (Expert Systems AG),https://de.linkedin.com/company/provenexpert?trk=public_jobs_jserp-result_job-search-card-subtitle,Data Engineer (m/f/d),Berlin_Berlin_Germany,2023-08-16
111,https://de.linkedin.com/jobs/view/junior-data-engineer-mwd-at-computer-futures-3654134472,Computer Futures,https://uk.linkedin.com/company/computerfutures?trk=public_jobs_jserp-result_job-search-card-subtitle,(Junior) Data Engineer (mwd),Berlin_Berlin_Germany,2023-07-03
112,https://de.linkedin.com/jobs/view/data-engineer-at-cbre-germany-3674693613,CBRE Germany,https://de.linkedin.com/company/cbre-germany?trk=public_jobs_jserp-result_job-search-card-subtitle,Data Engineer*,Berlin_Berlin_Germany,2023-07-06
113,https://de.linkedin.com/jobs/view/data-engineer-all-genders-at-benocs-3685984350,BENOCS,https://de.linkedin.com/company/benocs?trk=public_jobs_jserp-result_job-search-card-subtitle,Data Engineer (all genders),Berlin_Berlin_Germany,2023-08-06
114,https://de.linkedin.com/jobs/view/data-engineer-f-m-d-at-bmg-the-new-music-company-3638551593,BMG - The New Music Company,https://de.linkedin.com/company/bmg-the-new-music-company?trk=public_jobs_jserp-result_job-search-card-subtitle,Data Engineer (f/m/d),Berlin_Germany,2023-06-16
115,https://de.linkedin.com/jobs/view/data-engineer-w-m-d-at-kassen%C3%A4rztliche-bundesvereinigung-kbv-3679310304,Kassenarztliche Bundesvereinigung,https://de.linkedin.com/company/kassen%C3%A4rztliche-bundesvereinigung?trk=public_jobs_jserp-result_job-search-card-subtitle,Data Engineer (w/m/d),Berlin_Berlin_Germany,2023-07-28
116,https://de.linkedin.com/jobs/view/senior-data-engineer-m-f-x-at-plan-a-3695008012,Plan A,https://de.linkedin.com/company/planaearth?trk=public_jobs_jserp-result_job-search-card-subtitle,Senior Data Engineer (m / f / x),Berlin_Berlin_Germany,2023-07-21
117,https://de.linkedin.com/jobs/view/analytics-engineer-f-m-d-at-nebenan-de-3687340861,nebenan.de,https://de.linkedin.com/company/nebenan-de?trk=public_jobs_jserp-result_job-search-card-subtitle,Analytics Engineer (f/m/d),Berlin_Berlin_Germany,2023-08-08
118,https://de.linkedin.com/jobs/view/senior-data-engineer-at-tamara-3675396445,Tamara,https://sa.linkedin.com/company/tamara?trk=public_jobs_jserp-result_job-search-card-subtitle,Senior Data Engineer,Berlin_Germany,2023-07-26
119,https://de.linkedin.com/jobs/view/senior-data-engineer-remote-from-eu-at-pricehubble-3671577208,PriceHubble,https://ch.linkedin.com/company/pricehubble-ag?trk=public_jobs_jserp-result_job-search-card-subtitle,Senior Data Engineer (remote from EU),Berlin_Berlin_Germany,2023-07-21
120,https://de.linkedin.com/jobs/view/data-engineer-m-w-d-at-cbtw-3690907794,CBTW,https://be.linkedin.com/company/collaboration-betters-the-world?trk=public_jobs_jserp-result_job-search-card-subtitle,Data Engineer (m/w/d),Berlin_Berlin_Germany,2023-08-14
121,https://de.linkedin.com/jobs/view/senior-data-engineer-f-m-d-at-pair-finance-3689573196,PAIR Finance,https://de.linkedin.com/company/pair-finance?trk=public_jobs_jserp-result_job-search-card-subtitle,Senior Data Engineer (f/m/d),Berlin_Berlin_Germany,2023-08-17
122,https://de.linkedin.com/jobs/view/senior-data-engineer-at-ratepay-3693367392,Ratepay,https://de.linkedin.com/company/ratepay?trk=public_jobs_jserp-result_job-search-card-subtitle,Senior Data Engineer,Berlin_Berlin_Germany,2023-08-17
123,https://de.linkedin.com/jobs/view/senior-data-engineer-data-corpus-at-soundcloud-3688887968,SoundCloud,https://de.linkedin.com/company/soundcloud?trk=public_jobs_jserp-result_job-search-card-subtitle,Senior Data Engineer - Data Corpus,Berlin_Germany,2023-08-11
124,https://de.linkedin.com/jobs/view/junior-data-engineer-m-w-d-at-mindcurv-3644158078,Mindcurv,https://de.linkedin.com/company/mindcurv?trk=public_jobs_jserp-result_job-search-card-subtitle,(Junior) Data Engineer (m/w/d),Hamburg_Hamburg_Germany,2023-06-27
125,https://de.linkedin.com/jobs/view/senior-data-engineer-m-f-d-at-axel-springer-national-media-tech-gmbh-co-kg-3688003842,Axel Springer National Media & Tech GmbH & Co. KG,https://de.linkedin.com/company/asnmt?trk=public_jobs_jserp-result_job-search-card-subtitle,(Senior) Data Engineer (m/f/d),Berlin_Berlin_Germany,2023-08-09
126,https://de.linkedin.com/jobs/view/data-engineer-m-f-d-at-raisin-3692507998,Raisin,https://de.linkedin.com/company/join-raisin-ds?trk=public_jobs_jserp-result_job-search-card-subtitle,Data Engineer (m/f/d),Berlin_Berlin_Germany,2023-08-16
127,https://de.linkedin.com/jobs/view/analytics-engineer-at-volt-io-3688655136,Volt.io,https://uk.linkedin.com/company/voltio?trk=public_jobs_jserp-result_job-search-card-subtitle,Analytics Engineer,Berlin_Berlin_Germany,2023-08-08
128,https://de.linkedin.com/jobs/view/data-engineer-f-m-d-at-klang-games-3691412902,Klang Games,https://de.linkedin.com/company/klang-games?trk=public_jobs_jserp-result_job-search-card-subtitle,Data Engineer (f/m/d),Berlin_Germany,2023-07-21
129,https://de.linkedin.com/jobs/view/senior-data-engineer-m-f-x-at-plan-a-3695008012,Plan A,https://de.linkedin.com/company/planaearth?trk=public_jobs_jserp-result_job-search-card-subtitle,Senior Data Engineer (m / f / x),Berlin_Berlin_Germany,2023-07-21
130,https://de.linkedin.com/jobs/view/senior-data-engineer-at-tamara-3675396445,Tamara,https://sa.linkedin.com/company/tamara?trk=public_jobs_jserp-result_job-search-card-subtitle,Senior Data Engineer,Berlin_Germany,2023-07-26
131,https://de.linkedin.com/jobs/view/data-engineer-m-w-d-at-audi-business-innovation-gmbh-3689861606,Audi Business Innovation GmbH,https://de.linkedin.com/company/audibusinessinnovation?trk=public_jobs_jserp-result_job-search-card-subtitle,Data Engineer (m/w/d),Munchen_Bavaria_Germany,2023-08-12
132,https://de.linkedin.com/jobs/view/senior-data-engineer-at-wunderman-thompson-commerce-technology-3601987723,Wunderman Thompson Commerce & Technology,https://uk.linkedin.com/company/wunderman-thompson-commerce-and-technology?trk=public_jobs_jserp-result_job-search-card-subtitle,Senior Data Engineer,Frankfurt_Hesse_Germany,2023-05-09
133,https://de.linkedin.com/jobs/view/data-engineer-m-w-d-at-audi-business-innovation-gmbh-3680515696,Audi Business Innovation GmbH,https://de.linkedin.com/company/audibusinessinnovation?trk=public_jobs_jserp-result_job-search-card-subtitle,Data Engineer (m/w/d),Munich_Bavaria_Germany,2023-07-30
134,https://de.linkedin.com/jobs/view/data-engineer-at-sr2-socially-responsible-recruitment-certified-b-corporation%E2%84%A2-3688008640,SR2 | Socially Responsible Recruitment | Certified B Corporation,https://uk.linkedin.com/company/sr2-socially-responsible-recruitment?trk=public_jobs_jserp-result_job-search-card-subtitle,Data Engineer,Cologne Bonn Region,2023-08-09
135,https://de.linkedin.com/jobs/view/data-engineer-f-m-d-at-enter-3691849496,Enter,https://de.linkedin.com/company/enternow?trk=public_jobs_jserp-result_job-search-card-subtitle,Data Engineer (f/m/d),Berlin_Berlin_Germany,2023-08-15
136,https://de.linkedin.com/jobs/view/data-engineer-berlin-germany-on-site-at-techbiz-global-3650324944,TechBiz Global,https://de.linkedin.com/company/techbiz-global?trk=public_jobs_jserp-result_job-search-card-subtitle,"Data Engineer (Berlin, Germany on-site)",Berlin_Berlin_Germany,2023-06-04
137,https://de.linkedin.com/jobs/view/data-engineer-at-zero-to-one-search-recruitment-agency-3693379632,Zero to One Search | Recruitment Agency,https://de.linkedin.com/company/zero-to-one-search?trk=public_jobs_jserp-result_job-search-card-subtitle,Data Engineer,Herzogenrath_North Rhine-Westphalia_Germany,2023-08-17
138,https://de.linkedin.com/jobs/view/senior-data-engineer-m-f-d-at-raisin-3692591141,Raisin,https://de.linkedin.com/company/join-raisin-ds?trk=public_jobs_jserp-result_job-search-card-subtitle,(Senior) Data Engineer (m/f/d),Berlin_Berlin_Germany,2023-08-17
139,https://de.linkedin.com/jobs/view/senior-data-engineer-remote-from-eu-at-pricehubble-3671577208,PriceHubble,https://ch.linkedin.com/company/pricehubble-ag?trk=public_jobs_jserp-result_job-search-card-subtitle,Senior Data Engineer (remote from EU),Berlin_Berlin_Germany,2023-07-21
140,https://de.linkedin.com/jobs/view/senior-data-engineer-m-f-d-at-jochen-schweizer-mydays-group-3693859428,Jochen Schweizer mydays Group,https://de.linkedin.com/company/jochenschweizermydaysholdinggmbh?trk=public_jobs_jserp-result_job-search-card-subtitle,Senior Data Engineer (m/f/d),Munchen_Bavaria_Germany,2023-08-14
141,https://de.linkedin.com/jobs/view/data-engineer-m-f-d-at-hadron-talent-hadronfinsys-3693886701,Hadron Talent -Hadronfinsys,https://ch.linkedin.com/company/hadronfinsys?trk=public_jobs_jserp-result_job-search-card-subtitle,Data Engineer (m/f/d),Munich_Bavaria_Germany,2023-08-14
142,https://de.linkedin.com/jobs/view/data-engineer-m-f-d-at-provenexpert-com-expert-systems-ag-3692508898,ProvenExpert.com (Expert Systems AG),https://de.linkedin.com/company/provenexpert?trk=public_jobs_jserp-result_job-search-card-subtitle,Data Engineer (m/f/d),Berlin_Berlin_Germany,2023-08-16
143,https://de.linkedin.com/jobs/view/junior-data-engineer-python-w-m-d-at-smartclip-3586233971,smartclip,https://de.linkedin.com/company/smartclip?trk=public_jobs_jserp-result_job-search-card-subtitle,(Junior) Data Engineer - Python (w/m/d),Berlin_Berlin_Germany,2023-03-31
144,https://de.linkedin.com/jobs/view/data-engineer-at-lawrence-harvey-3690106773,Lawrence Harvey,https://uk.linkedin.com/company/lawrence-harvey?trk=public_jobs_jserp-result_job-search-card-subtitle,Data Engineer,Frankfurt Rhine-Main Metropolitan Area,2023-08-17
145,https://de.linkedin.com/jobs/view/junior-data-engineer-all-genders-at-pia-dymatrix-3622099824,PIA DYMATRIX,https://de.linkedin.com/company/dymatrix?trk=public_jobs_jserp-result_job-search-card-subtitle,(Junior) Data Engineer (all genders),Stuttgart_Baden-Wurttemberg_Germany,2023-06-05
146,https://de.linkedin.com/jobs/view/data-engineer-f-m-d-at-kineo-ai-3686503247,kineo.ai,https://de.linkedin.com/company/kineo-ai?trk=public_jobs_jserp-result_job-search-card-subtitle,Data Engineer (f/m/d),Berlin_Berlin_Germany,2023-08-07
147,https://de.linkedin.com/jobs/view/data-engineer-m-f-d-at-tacto-3634010998,Tacto,https://de.linkedin.com/company/tactotechnology?trk=public_jobs_jserp-result_job-search-card-subtitle,Data Engineer (m/f/d),Munich_Bavaria_Germany,2023-06-17
148,https://de.linkedin.com/jobs/view/data-engineer-m-f-d-at-thinksurance-3677770633,Thinksurance,https://de.linkedin.com/company/thinksurance-gmbh?trk=public_jobs_jserp-result_job-search-card-subtitle,Data Engineer (m/f/d),Frankfurt am Main_Hesse_Germany,2023-07-02
149,https://in.linkedin.com/jobs/view/junior-software-engineer-at-neosoft-3682592895,NeoSOFT,https://in.linkedin.com/company/neosoft?trk=public_jobs_jserp-result_job-search-card-subtitle,Junior Software Engineer,Mumbai_Maharashtra_India,2023-07-24
150,https://in.linkedin.com/jobs/view/data-engineer-at-searce-inc-3629700704,Searce Inc,https://www.linkedin.com/company/searceinc?trk=public_jobs_jserp-result_job-search-card-subtitle,Data Engineer,Mumbai_Maharashtra_India,2023-06-08
151,https://in.linkedin.com/jobs/view/data-analyst-at-kido-3679104414,Kido,https://sg.linkedin.com/company/kidoed?trk=public_jobs_jserp-result_job-search-card-subtitle,Data Analyst,Mumbai_Maharashtra_India,2023-07-03
152,https://in.linkedin.com/jobs/view/python-software-engineer-at-timepay-3627628110,TimePay,https://in.linkedin.com/company/timepaysmartscoiety?trk=public_jobs_jserp-result_job-search-card-subtitle,Python Software Engineer,Mumbai_Maharashtra_India,2023-06-06
153,https://in.linkedin.com/jobs/view/data-engineer-etl-python-big-data-at-dubai-jobs-gulf-jobs-jobs-in-dubai-qatar-kuwait-boyen-haddin-the-giant-hr-consultant-3689034168,"Dubai Jobs, Gulf Jobs, Jobs in Dubai, Qatar, Kuwait - Boyen Haddin & The Giant HR Consultant",https://in.linkedin.com/company/boyenhaddin?trk=public_jobs_jserp-result_job-search-card-subtitle,Data Engineer - ETL/ Python/ Big Data,Mumbai Metropolitan Region,2023-08-11
154,https://in.linkedin.com/jobs/view/data-analyst-java-python-at-dubai-jobs-gulf-jobs-jobs-in-dubai-qatar-kuwait-boyen-haddin-the-giant-hr-consultant-3687649539,"Dubai Jobs, Gulf Jobs, Jobs in Dubai, Qatar, Kuwait - Boyen Haddin & The Giant HR Consultant",https://in.linkedin.com/company/boyenhaddin?trk=public_jobs_jserp-result_job-search-card-subtitle,Data Analyst - Java/Python,Mumbai Metropolitan Region,2023-08-09
155,https://in.linkedin.com/jobs/view/data-engineer-data-science-consultant-at-dubai-jobs-gulf-jobs-jobs-in-dubai-qatar-kuwait-boyen-haddin-the-giant-hr-consultant-3692928904,"Dubai Jobs, Gulf Jobs, Jobs in Dubai, Qatar, Kuwait - Boyen Haddin & The Giant HR Consultant",https://in.linkedin.com/company/boyenhaddin?trk=public_jobs_jserp-result_job-search-card-subtitle,Data Engineer/data Science Consultant,Mumbai_Maharashtra_India,2023-08-17
156,https://in.linkedin.com/jobs/view/data-engineer-python-pandas-at-neosoft-3657016361,NeoSOFT,https://in.linkedin.com/company/neosoft?trk=public_jobs_jserp-result_job-search-card-subtitle,Data Engineer - Python/Pandas,Navi Mumbai_Maharashtra_India,2023-07-11
157,https://in.linkedin.com/jobs/view/database-engineer-at-acme-services-3692195507,Acme Services,https://in.linkedin.com/company/acmeservices?trk=public_jobs_jserp-result_job-search-card-subtitle,Database Engineer,Mumbai_Maharashtra_India,2023-07-22
158,https://in.linkedin.com/jobs/view/software-engineer-ui-at-gupshup-3656593938,Gupshup,https://www.linkedin.com/company/gupshup?trk=public_jobs_jserp-result_job-search-card-subtitle,Software Engineer-UI,Mumbai_Maharashtra_India,2023-06-12
159,https://in.linkedin.com/jobs/view/data-engineer-at-oneture-technologies-3682586668,Oneture Technologies,https://in.linkedin.com/company/oneture?trk=public_jobs_jserp-result_job-search-card-subtitle,Data Engineer,Mumbai_Maharashtra_India,2023-07-24
160,https://in.linkedin.com/jobs/view/database-engineer-sql-at-dubai-jobs-gulf-jobs-jobs-in-dubai-qatar-kuwait-boyen-haddin-the-giant-hr-consultant-3689031672,"Dubai Jobs, Gulf Jobs, Jobs in Dubai, Qatar, Kuwait - Boyen Haddin & The Giant HR Consultant",https://in.linkedin.com/company/boyenhaddin?trk=public_jobs_jserp-result_job-search-card-subtitle,Database Engineer - SQL,Mumbai Metropolitan Region,2023-08-11
161,https://in.linkedin.com/jobs/view/data-engineer-at-acme-services-3667482175,Acme Services,https://in.linkedin.com/company/acmeservices?trk=public_jobs_jserp-result_job-search-card-subtitle,Data Engineer,Mumbai_Maharashtra_India,2023-06-25
162,https://in.linkedin.com/jobs/view/azure-data-engineer-at-acme-services-3554019392,Acme Services,https://in.linkedin.com/company/acmeservices?trk=public_jobs_jserp-result_job-search-card-subtitle,Azure Data Engineer,Mumbai_Maharashtra_India,2023-04-04
163,https://in.linkedin.com/jobs/view/data-engineer-gcp-bigquery-at-nec-software-solutions-3654591984,NEC Software Solutions,https://uk.linkedin.com/company/necsws?trk=public_jobs_jserp-result_job-search-card-subtitle,"Data Engineer - GCP, Bigquery",Mumbai_Maharashtra_India,2023-07-05
164,https://in.linkedin.com/jobs/view/data-engineer-spark-at-acme-services-3619685683,Acme Services,https://in.linkedin.com/company/acmeservices?trk=public_jobs_jserp-result_job-search-card-subtitle,Data Engineer - Spark,Mumbai_Maharashtra_India,2023-05-30
165,https://in.linkedin.com/jobs/view/data-engineers-at-ace-talent-consulting-india-3591623082,Ace Talent Consulting India,https://in.linkedin.com/company/acetalent-consulting?trk=public_jobs_jserp-result_job-search-card-subtitle,Data Engineers,Mumbai_Maharashtra_India,2023-04-06
166,https://in.linkedin.com/jobs/view/senior-data-engineer-hadoop-python-big-data-at-dubai-jobs-gulf-jobs-jobs-in-dubai-qatar-kuwait-boyen-haddin-the-giant-hr-consultant-3689035418,"Dubai Jobs, Gulf Jobs, Jobs in Dubai, Qatar, Kuwait - Boyen Haddin & The Giant HR Consultant",https://in.linkedin.com/company/boyenhaddin?trk=public_jobs_jserp-result_job-search-card-subtitle,Senior Data Engineer - Hadoop/Python/Big Data,Mumbai Metropolitan Region,2023-08-11
167,https://in.linkedin.com/jobs/view/data-analyst-at-acme-services-3545874583,Acme Services,https://in.linkedin.com/company/acmeservices?trk=public_jobs_jserp-result_job-search-card-subtitle,Data Analyst,Mumbai_Maharashtra_India,2023-03-30
168,https://in.linkedin.com/jobs/view/data-engineer-at-cortex-consultants-llc-3640006297,Cortex Consultants LLC,https://www.linkedin.com/company/cortex-consultants?trk=public_jobs_jserp-result_job-search-card-subtitle,Data Engineer,Mumbai_Maharashtra_India,2023-06-20
169,https://in.linkedin.com/jobs/view/software-development-engineer-ii-iii-frontend-at-upstox-3679044479,Upstox,https://in.linkedin.com/company/upstox?trk=public_jobs_jserp-result_job-search-card-subtitle,Software Development Engineer - II/III (Frontend),Mumbai_Maharashtra_India,2023-08-02
170,https://in.linkedin.com/jobs/view/azure-data-factory-data-lake-engineer-sql-t-sql-at-dubai-jobs-gulf-jobs-jobs-in-dubai-qatar-kuwait-boyen-haddin-the-giant-hr-consultant-3688595628,"Dubai Jobs, Gulf Jobs, Jobs in Dubai, Qatar, Kuwait - Boyen Haddin & The Giant HR Consultant",https://in.linkedin.com/company/boyenhaddin?trk=public_jobs_jserp-result_job-search-card-subtitle,Azure Data Factory/ Data Lake Engineer - SQL/ T-sql,Mumbai Metropolitan Region,2023-08-10
171,https://in.linkedin.com/jobs/view/upstox-software-development-engineer-ii-iii-frontend-at-upstox-3683212922,Upstox,https://in.linkedin.com/company/upstox?trk=public_jobs_jserp-result_job-search-card-subtitle,Upstox - Software Development Engineer - II/III (Frontend),Mumbai_Maharashtra_India,2023-08-03
172,https://de.linkedin.com/jobs/view/data-engineer-at-sr2-socially-responsible-recruitment-certified-b-corporation%E2%84%A2-3688008640,SR2 | Socially Responsible Recruitment | Certified B Corporation,https://uk.linkedin.com/company/sr2-socially-responsible-recruitment?trk=public_jobs_jserp-result_job-search-card-subtitle,Data Engineer,Cologne Bonn Region,2023-08-09
173,https://de.linkedin.com/jobs/view/data-engineer-at-zero-to-one-search-recruitment-agency-3693379632,Zero to One Search | Recruitment Agency,https://de.linkedin.com/company/zero-to-one-search?trk=public_jobs_jserp-result_job-search-card-subtitle,Data Engineer,Herzogenrath_North Rhine-Westphalia_Germany,2023-08-17
174,https://de.linkedin.com/jobs/view/data-engineer-at-xcede-3648095972,Xcede,https://uk.linkedin.com/company/xcede?trk=public_jobs_jserp-result_job-search-card-subtitle,Data Engineer,North Rhine-Westphalia_Germany,2023-07-18
175,https://de.linkedin.com/jobs/view/data-engineer-at-rebel-recruiting-3679136630,Rebel Recruiting,https://de.linkedin.com/company/rebel-recruiting?trk=public_jobs_jserp-result_job-search-card-subtitle,Data Engineer,Cologne Bonn Region,2023-07-28
176,https://de.linkedin.com/jobs/view/data-engineer-m-w-d-at-apriori-business-solutions-ag-3668440146,APRIORI - business solutions AG,https://de.linkedin.com/company/apriori---business-solutions-ag?trk=public_jobs_jserp-result_job-search-card-subtitle,Data Engineer (m/w/d),Lunen_North Rhine-Westphalia_Germany,2023-07-19
177,https://de.linkedin.com/jobs/view/junior-data-engineer-m-w-d-at-initions-3642713376,initions,https://de.linkedin.com/company/initions-ag?trk=public_jobs_jserp-result_job-search-card-subtitle,(Junior) Data Engineer (m/w/d),Cologne_North Rhine-Westphalia_Germany,2023-06-27
178,https://de.linkedin.com/jobs/view/junior-data-engineer-m-w-d-at-taod-consulting-gmbh-3685962070,taod Consulting GmbH,https://de.linkedin.com/company/taod-consulting-gmbh?trk=public_jobs_jserp-result_job-search-card-subtitle,Junior Data Engineer (m/w/d),Cologne_North Rhine-Westphalia_Germany,2023-08-06
179,https://de.linkedin.com/jobs/view/big-data-engineer-at-gcs-3628682176,GCS,https://uk.linkedin.com/company/gcs-recruitment-specialists?trk=public_jobs_jserp-result_job-search-card-subtitle,Big Data Engineer,Borgholzhausen_North Rhine-Westphalia_Germany,2023-06-06
180,https://de.linkedin.com/jobs/view/data-engineer-english-speaking-at-mobilab-solutions-gmbh-3646212277,MobiLab Solutions GmbH,https://de.linkedin.com/company/mobilab-solutions-gmbh?trk=public_jobs_jserp-result_job-search-card-subtitle,Data Engineer (English speaking),Cologne_North Rhine-Westphalia_Germany,2023-06-06
181,https://de.linkedin.com/jobs/view/data-engineer-m-f-d-at-talentsconnect-ag-3586240188,talentsconnect AG,https://de.linkedin.com/company/talentsconnect-ag?trk=public_jobs_jserp-result_job-search-card-subtitle,Data Engineer (m/f/d),Cologne_North Rhine-Westphalia_Germany,2023-03-31
182,https://de.linkedin.com/jobs/view/data-engineer-m-w-d-business-intelligence-microsoft-at-be-terna-3687860448,BE-terna,https://at.linkedin.com/company/be-terna?trk=public_jobs_jserp-result_job-search-card-subtitle,Data Engineer (m/w/d) Business Intelligence Microsoft,Essen_North Rhine-Westphalia_Germany,2023-08-04
183,https://de.linkedin.com/jobs/view/data-engineer-m-w-d-at-lekkerland-se-3592337430,Lekkerland SE,https://de.linkedin.com/company/lekkerland?trk=public_jobs_jserp-result_job-search-card-subtitle,Data Engineer  (m/w/d),Cologne_North Rhine-Westphalia_Germany,2023-04-04
184,https://de.linkedin.com/jobs/view/junior-data-engineer-data-manager-m-w-d-at-hachmeister%2Bpartner-3692507716,hachmeister+partner,https://de.linkedin.com/company/h-p-hachmeister-partner-gmbh-&-co-kg?trk=public_jobs_jserp-result_job-search-card-subtitle,(Junior) Data Engineer / Data Manager (m/w/d),Bielefeld_North Rhine-Westphalia_Germany,2023-08-16
185,https://de.linkedin.com/jobs/view/azure-data-engineer-at-gcs-3684758727,GCS,https://uk.linkedin.com/company/gcs-recruitment-specialists?trk=public_jobs_jserp-result_job-search-card-subtitle,Azure Data Engineer,Borgholzhausen_North Rhine-Westphalia_Germany,2023-07-10
186,https://de.linkedin.com/jobs/view/senior-database-engineer-d-w-m-at-mt-it-solutions-3682283777,MT - IT SOLUTIONS,https://de.linkedin.com/company/mt-itsolutions?trk=public_jobs_jserp-result_job-search-card-subtitle,(Senior) Database Engineer (d/w/m),Ratingen_North Rhine-Westphalia_Germany,2023-08-02
187,https://de.linkedin.com/jobs/view/trainee-data-engineer-m-w-d-12-monate-at-taod-consulting-gmbh-3689835048,taod Consulting GmbH,https://de.linkedin.com/company/taod-consulting-gmbh?trk=public_jobs_jserp-result_job-search-card-subtitle,Trainee Data Engineer (m/w/d) - 12 Monate,Cologne_North Rhine-Westphalia_Germany,2023-08-12
188,https://de.linkedin.com/jobs/view/data-engineer-m-w-d-at-isr-information-products-ag-3688015081,ISR Information Products AG,https://de.linkedin.com/company/isr-information-products-ag?trk=public_jobs_jserp-result_job-search-card-subtitle,Data Engineer (m/w/d),Munster_North Rhine-Westphalia_Germany,2023-08-09
189,https://de.linkedin.com/jobs/view/junior-big-data-engineer-m-w-d-at-deichmann-3680359210,Deichmann,https://de.linkedin.com/company/deichmann?trk=public_jobs_jserp-result_job-search-card-subtitle,(Junior) Big Data Engineer (m/w/d),Essen_North Rhine-Westphalia_Germany,2023-08-02
190,https://de.linkedin.com/jobs/view/data-engineer-data-scientist-m-w-d-at-quadra-energy-3684400760,QUADRA energy,https://de.linkedin.com/company/quadra-energy?trk=public_jobs_jserp-result_job-search-card-subtitle,Data Engineer / Data Scientist (m/w/d),Dusseldorf_North Rhine-Westphalia_Germany,2023-08-08
191,https://de.linkedin.com/jobs/view/data-engineer-m-w-d-at-computer-futures-3680952102,Computer Futures,https://uk.linkedin.com/company/computerfutures?trk=public_jobs_jserp-result_job-search-card-subtitle,Data Engineer (m/w/d),Essen_North Rhine-Westphalia_Germany,2023-07-31
192,https://de.linkedin.com/jobs/view/system-engineer-m-w-d-backup-recovery-at-computer-futures-3671927991,Computer Futures,https://uk.linkedin.com/company/computerfutures?trk=public_jobs_jserp-result_job-search-card-subtitle,System Engineer (m/w/d) Backup & Recovery,Cologne_North Rhine-Westphalia_Germany,2023-07-21
193,https://de.linkedin.com/jobs/view/junior-data-engineer-m-w-x-at-arvato-3684276462,Arvato,https://de.linkedin.com/company/arvato?trk=public_jobs_jserp-result_job-search-card-subtitle,(Junior) Data Engineer (m/w/x),Gutersloh_North Rhine-Westphalia_Germany,2023-08-04
194,https://de.linkedin.com/jobs/view/big-data-engineer-m-w-d-data-science-engineer-m-w-d-mit-homeoffice-option-at-generali-deutschland-ag-3564697573,Generali Deutschland AG,https://de.linkedin.com/company/generali-deutschland-ag?trk=public_jobs_jserp-result_job-search-card-subtitle,Big Data Engineer (m/w/d) / Data Science Engineer (m/w/d) mit Homeoffice Option,Aachen_North Rhine-Westphalia_Germany,2023-04-10
195,https://de.linkedin.com/jobs/view/junior-database-engineer-d-w-m-at-mt-3697227513,MT,https://it.linkedin.com/company/milanoteleport?trk=public_jobs_jserp-result_job-search-card-subtitle,(Junior) Database Engineer (d/w/m),Ratingen_North Rhine-Westphalia_Germany,2023-08-17
196,https://de.linkedin.com/jobs/view/data-scientist-f-m-d-at-aignostics-3687402057,Aignostics,https://de.linkedin.com/company/aignostics?trk=public_jobs_jserp-result_job-search-card-subtitle,Data Scientist (f/m/d),Berlin_Berlin_Germany,2023-08-13
197,https://de.linkedin.com/jobs/view/machine-learning-scientist-f-m-d-at-kineo-ai-3688850610,kineo.ai,https://de.linkedin.com/company/kineo-ai?trk=public_jobs_jserp-result_job-search-card-subtitle,Machine Learning Scientist (f/m/d),Berlin_Berlin_Germany,2023-08-11
198,https://de.linkedin.com/jobs/view/data-scientist-f-m-d-at-omnicom-media-group-3674589650,Omnicom Media Group,https://www.linkedin.com/company/omnicom-media-group_2?trk=public_jobs_jserp-result_job-search-card-subtitle,Data Scientist (f/m/d),Berlin_Berlin_Germany,2023-07-03
199,https://de.linkedin.com/jobs/view/ai-machine-learning-engineer-f-m-d-at-wattx-3685983366,wattx,https://de.linkedin.com/company/wattx?trk=public_jobs_jserp-result_job-search-card-subtitle,AI / Machine Learning Engineer (f/m/d),Berlin_Berlin_Germany,2023-08-06
200,https://de.linkedin.com/jobs/view/senior-data-scientist-growth-at-zuma-3696102605,ZUMA,https://de.linkedin.com/company/zuma-recruitment?trk=public_jobs_jserp-result_job-search-card-subtitle,Senior Data Scientist - Growth,Berlin_Germany,2023-08-17
201,https://de.linkedin.com/jobs/view/machine-learning-engineer-at-super-ai-3622514227,super.AI,https://www.linkedin.com/company/mysuperai?trk=public_jobs_jserp-result_job-search-card-subtitle,Machine Learning Engineer,Berlin_Berlin_Germany,2023-06-05
202,https://de.linkedin.com/jobs/view/data-scientist-m-w-d-at-cbtw-3687340932,CBTW,https://be.linkedin.com/company/collaboration-betters-the-world?trk=public_jobs_jserp-result_job-search-card-subtitle,Data Scientist (m/w/d),Berlin_Berlin_Germany,2023-08-08
203,https://de.linkedin.com/jobs/view/data-scientist-at-workato-3691418073,Workato,https://www.linkedin.com/company/workato?trk=public_jobs_jserp-result_job-search-card-subtitle,Data Scientist,Berlin_Germany,2023-07-21
204,https://de.linkedin.com/jobs/view/ml-engineer-m-w-d-at-cbtw-3684836336,CBTW,https://be.linkedin.com/company/collaboration-betters-the-world?trk=public_jobs_jserp-result_job-search-card-subtitle,ML Engineer (M/W/D),Berlin_Berlin_Germany,2023-08-04
205,https://de.linkedin.com/jobs/view/machine-learning-engineer-m-w-d-at-cbtw-3692503898,CBTW,https://be.linkedin.com/company/collaboration-betters-the-world?trk=public_jobs_jserp-result_job-search-card-subtitle,Machine Learning Engineer (m/w/d),Berlin_Berlin_Germany,2023-08-16
206,https://de.linkedin.com/jobs/view/r-d-engineer-deep-learning-m-w-d-at-asaphus-vision-gmbh-3690311220,Asaphus Vision GmbH,https://de.linkedin.com/company/asaphus-vision-gmbh?trk=public_jobs_jserp-result_job-search-card-subtitle,R&D Engineer Deep Learning (m/w/d),Berlin_Berlin_Germany,2023-08-12
207,https://de.linkedin.com/jobs/view/data-scientist-b2b-m-w-d-berlin-munich-or-hamburg-at-1komma5%C2%B0-3690290853,1KOMMA5,https://de.linkedin.com/company/1komma5grad?trk=public_jobs_jserp-result_job-search-card-subtitle,"Data Scientist B2B (m/w/d) Berlin, Munich or Hamburg",Berlin_Berlin_Germany,2023-08-10
208,https://de.linkedin.com/jobs/view/machine-learning-software-engineer-f-m-d-at-aignostics-3687403009,Aignostics,https://de.linkedin.com/company/aignostics?trk=public_jobs_jserp-result_job-search-card-subtitle,Machine Learning Software Engineer (f/m/d),Berlin_Berlin_Germany,2023-08-13
209,https://de.linkedin.com/jobs/view/senior-machine-learning-engineer-berlin-at-enjins-3590308311,Enjins,https://nl.linkedin.com/company/enjins?trk=public_jobs_jserp-result_job-search-card-subtitle,Senior Machine Learning Engineer (Berlin),Berlin_Berlin_Germany,2023-04-03
210,https://de.linkedin.com/jobs/view/research-development-scientist-m-f-d-at-hygiena-3690655690,Hygiena,https://www.linkedin.com/company/hygiena?trk=public_jobs_jserp-result_job-search-card-subtitle,Research & Development Scientist (m/f/d),Berlin_Berlin_Germany,2023-08-09
211,https://de.linkedin.com/jobs/view/data-scientist-b2c-m-w-d-berlin-munich-or-hamburg-at-1komma5%C2%B0-3686572326,1KOMMA5,https://de.linkedin.com/company/1komma5grad?trk=public_jobs_jserp-result_job-search-card-subtitle,"Data Scientist B2C (m/w/d) Berlin, Munich or Hamburg",Berlin_Berlin_Germany,2023-08-07
212,https://de.linkedin.com/jobs/view/senior-machine-learning-engineer-at-alcemy-3662442919,alcemy,https://de.linkedin.com/company/alcemy-tech?trk=public_jobs_jserp-result_job-search-card-subtitle,Senior Machine Learning Engineer,Berlin_Berlin_Germany,2023-07-11
213,https://de.linkedin.com/jobs/view/data-scientist-insights-product-first-lesson-experience-at-preply-3695827691,Preply,https://www.linkedin.com/company/preply?trk=public_jobs_jserp-result_job-search-card-subtitle,Data Scientist - Insights (Product - First Lesson Experience),Berlin_Germany,2023-08-16
214,https://de.linkedin.com/jobs/view/data-scientist-data-analyst-m-w-d-at-energicos-gmbh-3684490288,energicos GmbH,https://de.linkedin.com/company/energicos?trk=public_jobs_jserp-result_job-search-card-subtitle,Data Scientist / Data Analyst (m/w/d),Kleinmachnow_Brandenburg_Germany,2023-08-09
215,https://de.linkedin.com/jobs/view/senior-data-scientist-f-m-d-at-aignostics-3687401069,Aignostics,https://de.linkedin.com/company/aignostics?trk=public_jobs_jserp-result_job-search-card-subtitle,Senior Data Scientist (f/m/d),Berlin_Berlin_Germany,2023-08-13
216,https://de.linkedin.com/jobs/view/ml-ops-engineer-m-w-d-fulltime-at-voize-yc-w22-3687344644,voize (YC W22),https://de.linkedin.com/company/voize-de?trk=public_jobs_jserp-result_job-search-card-subtitle,ML-Ops Engineer (m/w/d) (fulltime),Berlin_Berlin_Germany,2023-08-08
217,https://de.linkedin.com/jobs/view/senior-data-scientist-f-m-d-at-nebenan-de-3688505020,nebenan.de,https://de.linkedin.com/company/nebenan-de?trk=public_jobs_jserp-result_job-search-card-subtitle,(Senior) Data Scientist (f/m/d),Berlin_Berlin_Germany,2023-08-09
218,https://de.linkedin.com/jobs/view/lead-machine-learning-engineer-berlin-at-enjins-3590333935,Enjins,https://nl.linkedin.com/company/enjins?trk=public_jobs_jserp-result_job-search-card-subtitle,Lead Machine Learning Engineer (Berlin),Berlin_Berlin_Germany,2023-04-03
219,https://de.linkedin.com/jobs/view/senior-applied-data-scientist-f-m-d-at-vestiaire-collective-3641754006,Vestiaire Collective,https://fr.linkedin.com/company/vestiaireco?trk=public_jobs_jserp-result_job-search-card-subtitle,Senior Applied Data Scientist (F/M/D),Berlin_Germany,2023-05-28
220,https://de.linkedin.com/jobs/view/mathematiker-data-scientist-datenanalyse-m-w-d-bundesministerium-f%C3%BCr-wirtschaftliche-zusammenarbeit-und-entwicklung-at-bundesministerium-f%C3%BCr-wirtschaftliche-zusammenarbeit-und-entwicklung-bmz-3691401573,Federal Ministry for Economic Cooperation and Development (BMZ),https://de.linkedin.com/company/bmz-bund?trk=public_jobs_jserp-result_job-search-card-subtitle,"Mathematiker, Data Scientist - Datenanalyse, (m/w/d)- Bundesministerium fr wirtschaftliche Zusammenarbeit und Entwicklung",Berlin_Berlin_Germany,2023-08-15
221,https://de.linkedin.com/jobs/view/data-scientist-at-techbiz-global-3663144631,TechBiz Global,https://de.linkedin.com/company/techbiz-global?trk=public_jobs_jserp-result_job-search-card-subtitle,Data Scientist,Munich_Bavaria_Germany,2023-07-13
222,https://de.linkedin.com/jobs/view/machine-learning-engineer-intern-x-f-m-germany-remote-or-hybrid-at-meshcapade-3656547408,Meshcapade,https://de.linkedin.com/company/meshcapade?trk=public_jobs_jserp-result_job-search-card-subtitle,Machine Learning Engineer - Intern (x/f/m) Germany - Remote or Hybrid,Germany,2023-07-07
223,https://de.linkedin.com/jobs/view/machine-learning-application-engineer-at-neural-concept-3697238021,Neural Concept,https://ch.linkedin.com/company/neuralconcept?trk=public_jobs_jserp-result_job-search-card-subtitle,Machine Learning Application Engineer,Munich_Bavaria_Germany,2023-08-17
224,https://de.linkedin.com/jobs/view/data-scientist-w-m-x-at-bmw-group-3680244748,BMW Group,https://de.linkedin.com/company/bmw-group?trk=public_jobs_jserp-result_job-search-card-subtitle,Data Scientist (w/m/x),Munich_Bavaria_Germany,2023-07-26
225,https://de.linkedin.com/jobs/view/scientist-engineer-for-machine-learning-multiple-vacancies-at-european-centre-for-medium-range-weather-forecasts-3681364966,European Centre for Medium-Range Weather Forecasts,https://uk.linkedin.com/company/ecmwf?trk=public_jobs_jserp-result_job-search-card-subtitle,Scientist/Engineer for Machine Learning (multiple vacancies),Bonn_North Rhine-Westphalia_Germany,2023-08-01
226,https://de.linkedin.com/jobs/view/data-scientist-experienced-in-generative-ai-at-datasumi-3569011123,Datasumi,https://uk.linkedin.com/company/datasumilimited?trk=public_jobs_jserp-result_job-search-card-subtitle,Data Scientist Experienced in Generative AI,Cologne_North Rhine-Westphalia_Germany,2023-04-16
227,https://de.linkedin.com/jobs/view/data-scientist-experienced-in-generative-ai-at-datasumi-3571678578,Datasumi,https://uk.linkedin.com/company/datasumilimited?trk=public_jobs_jserp-result_job-search-card-subtitle,Data Scientist Experienced in Generative AI,Munich_Bavaria_Germany,2023-04-19
228,https://de.linkedin.com/jobs/view/senior-machine-learning-engineer-berlin-at-enjins-3590308311,Enjins,https://nl.linkedin.com/company/enjins?trk=public_jobs_jserp-result_job-search-card-subtitle,Senior Machine Learning Engineer (Berlin),Berlin_Berlin_Germany,2023-04-03
229,https://de.linkedin.com/jobs/view/ai-machine-learning-engineer-f-m-d-at-wattx-3685983366,wattx,https://de.linkedin.com/company/wattx?trk=public_jobs_jserp-result_job-search-card-subtitle,AI / Machine Learning Engineer (f/m/d),Berlin_Berlin_Germany,2023-08-06
230,https://de.linkedin.com/jobs/view/machine-learning-engineer-m-f-d-at-machine-learning-reply-gmbh-3687383960,Machine Learning Reply GmbH,https://de.linkedin.com/company/machine-learning-reply-de?trk=public_jobs_jserp-result_job-search-card-subtitle,Machine Learning Engineer (m/f/d),Munich_Bavaria_Germany,2023-08-09
231,https://de.linkedin.com/jobs/view/research-scientist-or-engineer-for-ai-validation-f-m-div-at-bosch-3656375186,Bosch,https://de.linkedin.com/company/bosch?trk=public_jobs_jserp-result_job-search-card-subtitle,Research Scientist or Engineer for AI Validation (f/m/div.),Renningen_Baden-Wurttemberg_Germany,2023-07-11
232,https://de.linkedin.com/jobs/view/senior-machine-learning-engineer-at-alcemy-3662442919,alcemy,https://de.linkedin.com/company/alcemy-tech?trk=public_jobs_jserp-result_job-search-card-subtitle,Senior Machine Learning Engineer,Berlin_Berlin_Germany,2023-07-11
233,https://de.linkedin.com/jobs/view/data-scientist-f-m-d-at-omnicom-media-group-3674589650,Omnicom Media Group,https://www.linkedin.com/company/omnicom-media-group_2?trk=public_jobs_jserp-result_job-search-card-subtitle,Data Scientist (f/m/d),Berlin_Berlin_Germany,2023-07-03
234,https://de.linkedin.com/jobs/view/lead-machine-learning-engineer-berlin-at-enjins-3590333935,Enjins,https://nl.linkedin.com/company/enjins?trk=public_jobs_jserp-result_job-search-card-subtitle,Lead Machine Learning Engineer (Berlin),Berlin_Berlin_Germany,2023-04-03
235,https://de.linkedin.com/jobs/view/data-science-machine-learning-m-f-d-mandatory-internship-iot-startup-at-livello-technologies-3685999500,Livello Technologies,https://de.linkedin.com/company/livello-technologies?trk=public_jobs_jserp-result_job-search-card-subtitle,Data Science / Machine Learning (m/f/d) Mandatory Internship - IoT Startup,Dusseldorf_North Rhine-Westphalia_Germany,2023-08-07
236,https://de.linkedin.com/jobs/view/data-scientist-at-apiax-3684651222,Apiax,https://ch.linkedin.com/company/apiax?trk=public_jobs_jserp-result_job-search-card-subtitle,Data Scientist,Frankfurt_Hesse_Germany,2023-08-04
237,https://de.linkedin.com/jobs/view/data-science-specialist-f-m-x-for-scientific-computing-at-leibniz-institut-f%C3%BCr-virologie-liv-3685536592,Leibniz-Institut fur Virologie (LIV),https://de.linkedin.com/company/leibniz-institut-fuer-virologie?trk=public_jobs_jserp-result_job-search-card-subtitle,Data Science Specialist (f/m/x) for Scientific Computing,Hamburg_Hamburg_Germany,2023-08-05
238,https://de.linkedin.com/jobs/view/ml-data-scientist-m-w-x-vollzeit-at-sam-dimension-3684672404,SAM-DIMENSION,https://de.linkedin.com/company/sam-dimension?trk=public_jobs_jserp-result_job-search-card-subtitle,ML Data Scientist (m/w/x) Vollzeit,Stuttgart_Baden-Wurttemberg_Germany,2023-08-04
239,https://de.linkedin.com/jobs/view/data-scientist-f-m-d-at-omnicom-media-group-3674595296,Omnicom Media Group,https://www.linkedin.com/company/omnicom-media-group_2?trk=public_jobs_jserp-result_job-search-card-subtitle,Data Scientist (f/m/d),Munich_Bavaria_Germany,2023-07-03
240,https://de.linkedin.com/jobs/view/data-scientist-m-w-d-at-e-on-grid-solutions-3669393779,E.ON Grid Solutions,https://de.linkedin.com/company/eon-grid-solutions?trk=public_jobs_jserp-result_job-search-card-subtitle,Data Scientist (m/w/d),Hamburg_Hamburg_Germany,2023-07-18
241,https://de.linkedin.com/jobs/view/data-scientist-f-m-d-at-omnicom-media-group-3674590556,Omnicom Media Group,https://www.linkedin.com/company/omnicom-media-group_2?trk=public_jobs_jserp-result_job-search-card-subtitle,Data Scientist (f/m/d),Cologne_North Rhine-Westphalia_Germany,2023-07-03
242,https://de.linkedin.com/jobs/view/data-scientist-f-m-d-at-omnicom-media-group-3674591507,Omnicom Media Group,https://www.linkedin.com/company/omnicom-media-group_2?trk=public_jobs_jserp-result_job-search-card-subtitle,Data Scientist (f/m/d),Hamburg_Hamburg_Germany,2023-07-03
243,https://de.linkedin.com/jobs/view/data-scientist-supply-chain-analysis-w-m-x-at-bmw-group-3680242899,BMW Group,https://de.linkedin.com/company/bmw-group?trk=public_jobs_jserp-result_job-search-card-subtitle,Data Scientist Supply Chain Analysis (w/m/x),Munich_Bavaria_Germany,2023-07-26
244,https://de.linkedin.com/jobs/view/senior-machine-learning-engineer-at-cloud-sap-3683664092,Cloud SAP,https://uk.linkedin.com/company/cloud-sap?trk=public_jobs_jserp-result_job-search-card-subtitle,Senior Machine Learning Engineer,Stuttgart Region,2023-08-07
245,https://de.linkedin.com/jobs/view/data-scientist-m-w-d-at-mercedes-benz-tech-motion-gmbh-3657897129,Mercedes-Benz Tech Motion GmbH,https://de.linkedin.com/company/mercedes-benz-tech-motion?trk=public_jobs_jserp-result_job-search-card-subtitle,Data Scientist (m/w/d),Leinfelden-Echterdingen_Baden-Wurttemberg_Germany,2023-06-30
246,https://in.linkedin.com/jobs/view/data-science-analyst-at-mondel%C4%93z-international-3689073568,Mondelez International,https://www.linkedin.com/company/mondelezinternational?trk=public_jobs_jserp-result_job-search-card-subtitle,Data Science Analyst,Mumbai_Maharashtra_India,2023-08-17
247,https://in.linkedin.com/jobs/view/data-scientist-at-piramal-capital-housing-finance-limited-3689570543,Piramal Capital & Housing Finance Limited,https://in.linkedin.com/company/piramalfinance?trk=public_jobs_jserp-result_job-search-card-subtitle,Data Scientist,Mumbai_Maharashtra_India,2023-08-17
248,https://in.linkedin.com/jobs/view/data-scientist-at-acme-services-3535400207,Acme Services,https://in.linkedin.com/company/acmeservices?trk=public_jobs_jserp-result_job-search-card-subtitle,Data Scientist,Mumbai_Maharashtra_India,2023-03-23
249,https://in.linkedin.com/jobs/view/artificial-intelligence-engineer-machine-learning-python-r-at-dubai-jobs-gulf-jobs-jobs-in-dubai-qatar-kuwait-boyen-haddin-the-giant-hr-consultant-3687650054,"Dubai Jobs, Gulf Jobs, Jobs in Dubai, Qatar, Kuwait - Boyen Haddin & The Giant HR Consultant",https://in.linkedin.com/company/boyenhaddin?trk=public_jobs_jserp-result_job-search-card-subtitle,Artificial Intelligence Engineer - Machine Learning/python/r,Mumbai Metropolitan Region,2023-08-09
250,https://in.linkedin.com/jobs/view/data-science-at-acme-services-3667478765,Acme Services,https://in.linkedin.com/company/acmeservices?trk=public_jobs_jserp-result_job-search-card-subtitle,Data Science,Mumbai_Maharashtra_India,2023-06-25
251,https://in.linkedin.com/jobs/view/data-scientist-at-acme-services-3622279796,Acme Services,https://in.linkedin.com/company/acmeservices?trk=public_jobs_jserp-result_job-search-card-subtitle,Data Scientist,Mumbai_Maharashtra_India,2023-06-01
252,https://in.linkedin.com/jobs/view/interesting-job-opportunity-aditya-birla-capital-senior-data-scientist-at-aditya-birla-capital-3656722787,Aditya Birla Capital,https://in.linkedin.com/company/aditya-birla-capital?trk=public_jobs_jserp-result_job-search-card-subtitle,Interesting Job Opportunity: Aditya Birla Capital - Senior Data Scientist,Mumbai_Maharashtra_India,2023-07-07
253,https://in.linkedin.com/jobs/view/python-developer-at-quantsapp-3685514924,Quantsapp,https://in.linkedin.com/company/quantsapp?trk=public_jobs_jserp-result_job-search-card-subtitle,Python Developer,Mumbai_Maharashtra_India,2023-07-11
254,https://in.linkedin.com/jobs/view/head-data-science-ml-process-at-dimensions-hrd-consultants-3566106056,Dimensions HRD Consultants,https://in.linkedin.com/company/dimensions-hrd-consultants?trk=public_jobs_jserp-result_job-search-card-subtitle,Head Data Science / ML Process,Mumbai_Maharashtra_India,2023-04-14
255,https://in.linkedin.com/jobs/view/research-scientist-at-acme-services-3533299854,Acme Services,https://in.linkedin.com/company/acmeservices?trk=public_jobs_jserp-result_job-search-card-subtitle,Research Scientist,Mumbai_Maharashtra_India,2023-03-21
256,https://in.linkedin.com/jobs/view/data-scientist-at-deutsche-bank-3695765005,Deutsche Bank,https://de.linkedin.com/company/deutsche-bank?trk=public_jobs_jserp-result_job-search-card-subtitle,Data Scientist,Mumbai_Maharashtra_India,2023-08-16
257,https://in.linkedin.com/jobs/view/senior-machine-learning-engineer-at-acme-services-3608836559,Acme Services,https://in.linkedin.com/company/acmeservices?trk=public_jobs_jserp-result_job-search-card-subtitle,Senior Machine Learning Engineer,Mumbai_Maharashtra_India,2023-05-18
258,https://in.linkedin.com/jobs/view/python-developer-at-mastek-3652206374,Mastek,https://uk.linkedin.com/company/mastek?trk=public_jobs_jserp-result_job-search-card-subtitle,Python Developer,Mumbai_Maharashtra_India,2023-07-12
259,https://in.linkedin.com/jobs/view/python-developer-at-quantsapp-3675551528,Quantsapp,https://in.linkedin.com/company/quantsapp?trk=public_jobs_jserp-result_job-search-card-subtitle,Python Developer,Mumbai_Maharashtra_India,2023-07-01
260,https://in.linkedin.com/jobs/view/data-scientist-at-deutsche-bank-3682751089,Deutsche Bank,https://de.linkedin.com/company/deutsche-bank?trk=public_jobs_jserp-result_job-search-card-subtitle,Data Scientist,Mumbai_Maharashtra_India,2023-08-02
261,https://in.linkedin.com/jobs/view/sr-data-scientist-at-holcim-global-digital-hub-3640627951,Holcim Global Digital Hub,https://in.linkedin.com/company/holcim-services-south-asia-ltd?trk=public_jobs_jserp-result_job-search-card-subtitle,Sr. Data Scientist,Navi Mumbai_Maharashtra_India,2023-08-17
262,https://in.linkedin.com/jobs/view/data-science-at-nr-consulting-3695896153,NR Consulting,https://www.linkedin.com/company/nrconsultingllc?trk=public_jobs_jserp-result_job-search-card-subtitle,Data Science,Mumbai_Maharashtra_India,2023-08-16
263,https://in.linkedin.com/jobs/view/python-developer-at-acme-services-3683859967,Acme Services,https://in.linkedin.com/company/acmeservices?trk=public_jobs_jserp-result_job-search-card-subtitle,Python Developer,Mumbai_Maharashtra_India,2023-07-10
264,https://in.linkedin.com/jobs/view/senior-data-scientist-at-dimensions-hrd-consultants-3682943212,Dimensions HRD Consultants,https://in.linkedin.com/company/dimensions-hrd-consultants?trk=public_jobs_jserp-result_job-search-card-subtitle,Senior Data Scientist,Mumbai_Maharashtra_India,2023-08-04
265,https://in.linkedin.com/jobs/view/machine-learning-engineer-at-tac-security-3674639715,TAC Security,https://www.linkedin.com/company/tacsecurity?trk=public_jobs_jserp-result_job-search-card-subtitle,Machine Learning Engineer,Mumbai_Maharashtra_India,2023-06-30
266,https://in.linkedin.com/jobs/view/python-developer-at-acme-services-3667482142,Acme Services,https://in.linkedin.com/company/acmeservices?trk=public_jobs_jserp-result_job-search-card-subtitle,Python Developer,Mumbai_Maharashtra_India,2023-06-25
267,https://in.linkedin.com/jobs/view/artificial-intelligence-engineer-machine-learning-at-dubai-jobs-gulf-jobs-jobs-in-dubai-qatar-kuwait-boyen-haddin-the-giant-hr-consultant-3692930194,"Dubai Jobs, Gulf Jobs, Jobs in Dubai, Qatar, Kuwait - Boyen Haddin & The Giant HR Consultant",https://in.linkedin.com/company/boyenhaddin?trk=public_jobs_jserp-result_job-search-card-subtitle,Artificial Intelligence Engineer - Machine Learning,Mumbai_Maharashtra_India,2023-08-17
268,https://in.linkedin.com/jobs/view/machine-learning-engineer-at-unfound-3627628068,UnFound,https://in.linkedin.com/company/unfound?trk=public_jobs_jserp-result_job-search-card-subtitle,Machine Learning Engineer,Mumbai_Maharashtra_India,2023-06-06
269,https://in.linkedin.com/jobs/view/data-scientist-life-insurance-at-hipotz-an-enterprise-of-hipos-consulting-3678909724,HiPotz (An Enterprise of HiPos Consulting),https://in.linkedin.com/company/hiposconsulting?trk=public_jobs_jserp-result_job-search-card-subtitle,Data Scientist - Life Insurance,Mumbai_Maharashtra_India,2023-07-31
270,https://in.linkedin.com/jobs/view/jobs-on-ml-data-science-python-developer-at-essenware-private-limited-3680755232,ESSENWARE PRIVATE LIMITED,https://in.linkedin.com/company/essenware-private-limited?trk=public_jobs_jserp-result_job-search-card-subtitle,Jobs on ML Data Science & Python Developer,Mumbai_Maharashtra_India,2023-08-02
271,https://de.linkedin.com/jobs/view/scientist-engineer-for-machine-learning-multiple-vacancies-at-european-centre-for-medium-range-weather-forecasts-3681364966,European Centre for Medium-Range Weather Forecasts,https://uk.linkedin.com/company/ecmwf?trk=public_jobs_jserp-result_job-search-card-subtitle,Scientist/Engineer for Machine Learning (multiple vacancies),Bonn_North Rhine-Westphalia_Germany,2023-08-01
272,https://de.linkedin.com/jobs/view/data-scientist-experienced-in-generative-ai-at-datasumi-3569011123,Datasumi,https://uk.linkedin.com/company/datasumilimited?trk=public_jobs_jserp-result_job-search-card-subtitle,Data Scientist Experienced in Generative AI,Cologne_North Rhine-Westphalia_Germany,2023-04-16
273,https://de.linkedin.com/jobs/view/data-science-machine-learning-m-f-d-mandatory-internship-iot-startup-at-livello-technologies-3685999500,Livello Technologies,https://de.linkedin.com/company/livello-technologies?trk=public_jobs_jserp-result_job-search-card-subtitle,Data Science / Machine Learning (m/f/d) Mandatory Internship - IoT Startup,Dusseldorf_North Rhine-Westphalia_Germany,2023-08-07
274,https://de.linkedin.com/jobs/view/ml-engineer-m-w-d-at-niologic-3691422103,niologic GmbH,https://de.linkedin.com/company/niologic?trk=public_jobs_jserp-result_job-search-card-subtitle,ML Engineer (m/w/d),Hurth_North Rhine-Westphalia_Germany,2023-08-15
275,https://de.linkedin.com/jobs/view/data-scientist-f-m-d-at-omnicom-media-group-3674590556,Omnicom Media Group,https://www.linkedin.com/company/omnicom-media-group_2?trk=public_jobs_jserp-result_job-search-card-subtitle,Data Scientist (f/m/d),Cologne_North Rhine-Westphalia_Germany,2023-07-03
276,https://de.linkedin.com/jobs/view/data-scientist-m-f-d-at-vaillant-group-3687495047,Vaillant Group,https://de.linkedin.com/company/vaillant?trk=public_jobs_jserp-result_job-search-card-subtitle,Data Scientist (m/f/d),Remscheid_North Rhine-Westphalia_Germany,2023-07-20
277,https://de.linkedin.com/jobs/view/data-scientist-w-m-d-at-westphalia-datalab-3692590165,Westphalia DataLab,https://de.linkedin.com/company/westphalia-datalab?trk=public_jobs_jserp-result_job-search-card-subtitle,Data Scientist (w/m/d),Munster_North Rhine-Westphalia_Germany,2023-08-17
278,https://de.linkedin.com/jobs/view/machine-learning-engineer-w-m-d-at-gwq-serviceplus-ag-3653342319,GWQ ServicePlus AG,https://de.linkedin.com/company/gwq-serviceplus-ag?trk=public_jobs_jserp-result_job-search-card-subtitle,Machine Learning Engineer (w/m/d),Dusseldorf_North Rhine-Westphalia_Germany,2023-06-07
279,https://de.linkedin.com/jobs/view/data-scientist-m-w-d-job-id-17253-at-fom-hochschule-f%C3%BCr-oekonomie-management-3687473280,FOM University of Applied Sciences for Economics and Management,https://de.linkedin.com/company/fom-hochschule-f%C3%BCr-oekonomie-&-management?trk=public_jobs_jserp-result_job-search-card-subtitle,Data Scientist (m/w/d) (Job-ID 17253),Essen_North Rhine-Westphalia_Germany,2023-08-14
280,https://de.linkedin.com/jobs/view/data-scientist-forecast-m-w-d-at-flaschenpost-se-3644420377,flaschenpost SE,https://de.linkedin.com/company/flaschenpost?trk=public_jobs_jserp-result_job-search-card-subtitle,Data Scientist - Forecast (m/w/d),Munster_North Rhine-Westphalia_Germany,2023-06-23
281,https://de.linkedin.com/jobs/view/data-scientist-m-w-d-at-arag-3697297386,ARAG,https://de.linkedin.com/company/arag?trk=public_jobs_jserp-result_job-search-card-subtitle,Data Scientist (m/w/d),Dusseldorf_North Rhine-Westphalia_Germany,2023-08-09
282,https://de.linkedin.com/jobs/view/data-scientist-m-w-d-job-id-17253-at-fom-hochschule-f%C3%BCr-oekonomie-management-3687471578,FOM University of Applied Sciences for Economics and Management,https://de.linkedin.com/company/fom-hochschule-f%C3%BCr-oekonomie-&-management?trk=public_jobs_jserp-result_job-search-card-subtitle,Data Scientist (m/w/d) (Job-ID 17253),Essen_North Rhine-Westphalia_Germany,2023-08-14
283,https://de.linkedin.com/jobs/view/data-scientist-at-h%C3%B6hn-consulting-gmbh-3650025812,Hohn Consulting GmbH,https://de.linkedin.com/company/h%C3%B6hn-consulting-gmbh?trk=public_jobs_jserp-result_job-search-card-subtitle,Data Scientist,Bonn_North Rhine-Westphalia_Germany,2023-06-10
284,https://de.linkedin.com/jobs/view/research-scientist-f-m-d-at-deepl-3667776887,DeepL,https://de.linkedin.com/company/linkedin-com-company-deepl?trk=public_jobs_jserp-result_job-search-card-subtitle,Research Scientist (f/m/d),Cologne Bonn Region,2023-07-17
285,https://de.linkedin.com/jobs/view/data-scientist-w-m-d-at-salzgitter-ag-3674484346,Salzgitter AG,https://de.linkedin.com/company/salzgitter-ag?trk=public_jobs_jserp-result_job-search-card-subtitle,Data Scientist (w/m/d),Duisburg_North Rhine-Westphalia_Germany,2023-06-29
286,https://de.linkedin.com/jobs/view/data-scientist-m-w-d-at-vaillant-group-3687491611,Vaillant Group,https://de.linkedin.com/company/vaillant?trk=public_jobs_jserp-result_job-search-card-subtitle,Data Scientist (m/w/d),Remscheid_North Rhine-Westphalia_Germany,2023-07-20
287,https://de.linkedin.com/jobs/view/data-engineer-data-scientist-m-w-d-at-quadra-energy-3684400760,QUADRA energy,https://de.linkedin.com/company/quadra-energy?trk=public_jobs_jserp-result_job-search-card-subtitle,Data Engineer / Data Scientist (m/w/d),Dusseldorf_North Rhine-Westphalia_Germany,2023-08-08
288,https://de.linkedin.com/jobs/view/data-scientist-m-w-d-at-bundesanzeiger-verlag-gmbh-3643973642,Bundesanzeiger Verlag GmbH,https://de.linkedin.com/company/bundesanzeiger-verlag-gmbh?trk=public_jobs_jserp-result_job-search-card-subtitle,Data Scientist (m/w/d),Cologne_North Rhine-Westphalia_Germany,2023-06-23
289,https://de.linkedin.com/jobs/view/data-scientist-m-w-d-at-ecclesia-gruppe-3609320342,Ecclesia Group,https://de.linkedin.com/company/ecclesia-gruppe?trk=public_jobs_jserp-result_job-search-card-subtitle,Data Scientist (m/w/d),Detmold_North Rhine-Westphalia_Germany,2023-05-16
290,https://de.linkedin.com/jobs/view/data-scientist-w-m-d-at-kienbaum-3674604086,Kienbaum,https://de.linkedin.com/company/kienbaum?trk=public_jobs_jserp-result_job-search-card-subtitle,Data Scientist (w/m/d),Cologne Bonn Region,2023-08-16
291,https://de.linkedin.com/jobs/view/senior-data-scientist-d-f-m-at-talpasolutions-gmbh-3659383598,talpasolutions,https://de.linkedin.com/company/talpasolutions?trk=public_jobs_jserp-result_job-search-card-subtitle,(Senior) Data Scientist (d/f/m),Essen_North Rhine-Westphalia_Germany,2023-07-13
292,https://de.linkedin.com/jobs/view/senior-data-scientist-d-w-m-at-mt-3697230085,MT,https://it.linkedin.com/company/milanoteleport?trk=public_jobs_jserp-result_job-search-card-subtitle,(Senior) Data Scientist (d/w/m),Cologne_North Rhine-Westphalia_Germany,2023-08-17
293,https://de.linkedin.com/jobs/view/data-scientist-gn-at-controlexpert-gmbh-3660172385,ControlExpert GmbH,https://de.linkedin.com/company/control%E2%82%ACxpert-gmbh?trk=public_jobs_jserp-result_job-search-card-subtitle,Data Scientist (gn),Dusseldorf_North Rhine-Westphalia_Germany,2023-07-11
294,https://de.linkedin.com/jobs/view/machine-learning-engineer-ml-engineer-at-ashley-grove-blu-analytics-at-join-solutions-ag-3685999584,join.com,https://de.linkedin.com/company/join-com?trk=public_jobs_jserp-result_job-search-card-subtitle,Machine Learning Engineer (ML Engineer) at Ashley Grove Blu Analytics,Munster_North Rhine-Westphalia_Germany,2023-08-07
295,https://de.linkedin.com/jobs/view/data-scientist-m-f-d-at-bayer-3370773681,Bayer,https://de.linkedin.com/company/bayer?trk=public_jobs_jserp-result_job-search-card-subtitle,Data Scientist (m/f/d),Leverkusen_North Rhine-Westphalia_Germany,2022-10-28
